year,state,tot_imprisoned,tot_black_imprisoned,tot_white_imprisoned
1990,TX,886.62,6546.68,548.77
1990,MO,613.79,11277.66,532.95
1990,SC,979.19,1962.65,474.80
1990,GA,948.45,2828.87,473.16
1990,TN,602.90,4587.75,462.88
1990,OK,559.80,3215.56,453.94
1990,KY,517.04,4618.81,452.39
1990,MI,538.58,15675.27,438.02
1990,OR,473.62,3209.47,436.22
1990,UT,478.60,27051.21,423.20
1990,NE,404.30,5632.80,422.63
1990,MD,771.44,2882.71,409.75
1990,CO,491.50,4181.14,393.82
1990,WA,478.41,3606.34,387.27
1990,AL,697.30,1853.25,378.19
1990,VA,639.78,2530.49,333.79
1990,NV,973.63,3224.70,292.16
1990,WI,315.19,12324.69,286.67
1990,IL,364.58,9456.64,285.62
1990,PA,369.04,4784.84,281.25
1990,NH,302.20,1522.72,279.64
1990,CA,808.32,1442.00,279.47
1990,AZ,284.77,1436.40,251.25
1990,FL,973.02,1639.34,244.45
1990,NJ,679.25,3699.91,240.93
1990,WV,288.90,16541.29,210.87
1990,LA,446.89,1064.73,209.86
1990,IA,219.58,6689.97,200.32
1990,MN,218.60,4894.75,187.06
1990,WY,197.54,1778.66,170.66
1990,IN,177.67,11385.30,167.18
1990,NM,317.11,1974.83,159.06
1990,ID,195.27,13222.17,143.01
1990,SD,395.18,4081.44,141.82
1990,AK,129.83,0.00,136.04
1990,KS,157.35,11776.87,123.66
1990,MA,161.36,962.81,110.55
1990,AR,155.90,416.08,109.04
1990,ND,161.64,1866.03,108.83
1990,NY,338.54,1474.55,103.65
1990,HI,60.92,162.88,103.64
1990,MS,612.15,489.93,96.43
1990,ME,99.05,318.98,93.89
1990,MT,129.83,1686.18,92.30
1990,OH,359.43,3090.46,88.36
1990,NC,660.36,458.86,78.18
1990,DC,390.12,596.59,47.16
1991,CA,810.23,3434.51,598.46
1991,TX,911.79,8691.23,555.68
1991,FL,1043.37,4665.13,548.19
1991,MO,618.95,8757.02,526.25
1991,NE,474.85,5311.06,505.88
1991,GA,976.03,2855.41,503.11
1991,LA,1152.65,2754.28,499.20
1991,SC,982.84,1994.62,471.70
1991,MI,570.79,7820.97,469.49
1991,OK,573.68,2865.07,462.63
1991,KY,557.17,5597.81,459.89
1991,UT,504.71,31228.09,454.65
1991,OR,491.30,3335.71,445.74
1991,MD,816.29,3115.98,409.13
1991,CO,503.81,4398.75,396.10
1991,WA,493.75,4153.53,391.34
1991,AL,737.73,2017.00,389.22
1991,VA,683.93,2701.85,351.27
1991,NC,674.32,25289.70,343.15
1991,SD,428.14,7333.41,339.40
1991,NH,332.56,2060.77,303.86
1991,IL,383.24,6280.49,293.56
1991,NV,1027.79,3220.53,287.24
1991,MS,663.31,1483.66,284.76
1991,PA,386.00,5076.72,280.40
1991,WI,329.25,7059.02,278.76
1991,NJ,716.79,3866.61,249.12
1991,AZ,285.61,1424.60,232.35
1991,WV,313.25,16670.27,229.79
1991,IA,238.31,8471.32,218.20
1991,TN,604.21,1127.32,211.51
1991,IN,197.96,12194.19,182.62
1991,NM,336.49,1585.23,161.13
1991,ID,200.03,14507.47,161.03
1991,WY,197.91,2361.12,157.60
1991,AK,137.83,257.09,133.03
1991,KS,170.00,11069.10,131.07
1991,MA,179.28,1543.05,120.26
1991,AR,165.85,475.77,112.47
1991,NY,363.85,1240.58,105.74
1991,ND,170.26,1651.10,99.51
1991,MN,224.77,5535.68,96.82
1991,HI,60.29,141.06,94.19
1991,MT,138.92,2142.02,93.71
1991,OH,394.00,2807.98,92.80
1991,ME,101.30,358.43,90.88
1991,DC,557.23,850.70,79.03
1992,CA,822.52,3624.97,618.26
1992,TX,991.44,10895.02,594.39
1992,NE,522.49,5643.11,553.36
1992,MO,625.61,9641.52,523.99
1992,LA,1215.16,3030.11,513.54
1992,GA,1030.37,3160.49,508.44
1992,MI,626.78,8411.83,497.36
1992,KY,584.89,6694.40,466.66
1992,SC,998.96,2059.58,459.20
1992,OK,565.52,2908.86,450.25
1992,UT,490.09,36314.13,444.60
1992,OR,478.21,3686.95,434.25
1992,MD,881.76,3486.30,416.66
1992,WA,509.92,4093.80,399.05
1992,CO,519.68,5421.45,395.84
1992,AL,768.67,2172.28,388.59
1992,SD,463.83,8409.92,376.87
1992,VA,736.58,2849.83,374.01
1992,NH,355.60,1769.18,335.71
1992,IL,391.80,7664.92,294.24
1992,PA,405.69,5269.99,294.19
1992,WI,354.89,10371.28,289.65
1992,MS,687.57,1536.11,273.15
1992,NV,1105.26,2497.42,255.66
1992,WV,346.78,18678.03,248.02
1992,FL,1104.62,1622.59,247.95
1992,NJ,706.43,3848.07,239.88
1992,NY,391.27,3387.79,237.77
1992,IA,248.39,11134.83,229.86
1992,TN,612.20,1889.95,213.05
1992,AZ,290.91,1423.21,208.08
1992,IN,213.77,11778.47,197.95
1992,ID,216.64,16619.38,176.16
1992,NM,373.18,1694.04,159.17
1992,WY,190.33,2153.64,153.14
1992,KS,179.06,11990.02,133.99
1992,AK,150.38,0.00,130.73
1992,MA,195.12,1339.56,128.81
1992,AR,176.09,526.44,118.61
1992,ND,178.57,1822.86,102.91
1992,OH,437.00,2996.04,95.73
1992,MN,227.68,6003.41,93.87
1992,ME,101.53,376.14,93.80
1992,MT,146.99,2648.53,93.12
1992,HI,76.29,177.53,86.02
1992,NC,684.86,562.90,83.46
1992,DC,403.15,599.55,49.35
1993,CA,859.64,3880.95,647.82
1993,TX,1049.43,10346.09,628.04
1993,GA,1096.98,3405.73,536.08
1993,LA,1299.08,3256.80,533.03
1993,MI,653.45,9618.34,521.90
1993,MO,618.01,10124.74,505.62
1993,KY,598.30,7364.95,486.80
1993,TN,610.84,2352.96,469.08
1993,NE,501.61,4755.68,468.09
1993,SC,1022.68,2157.40,443.87
1993,UT,490.23,42628.28,436.29
1993,MD,922.01,3571.35,424.21
1993,OR,462.24,3342.21,419.94
1993,WA,509.67,3714.43,405.12
1993,SD,467.90,8767.68,402.69
1993,CO,526.85,4259.26,400.32
1993,AL,802.66,2272.98,393.83
1993,VA,779.72,2994.03,382.81
1993,NH,361.54,2245.00,345.13
1993,ME,336.13,1512.36,320.74
1993,IL,415.04,7405.90,309.51
1993,WI,374.64,9261.05,303.45
1993,PA,419.90,5475.36,303.02
1993,MS,704.89,1552.82,274.65
1993,WV,366.52,23893.57,262.31
1993,NV,1208.37,2258.74,261.46
1993,FL,1135.46,1583.13,250.45
1993,NY,400.16,3505.66,245.85
1993,IA,269.98,12146.07,244.54
1993,NJ,724.92,3870.51,239.92
1993,AZ,302.41,1507.25,224.88
1993,IN,235.84,14213.24,213.66
1993,ID,233.08,17743.49,179.88
1993,MN,234.74,7090.48,172.64
1993,NM,406.08,1647.27,160.68
1993,WY,193.32,2486.00,158.05
1993,OK,641.26,1088.31,155.74
1993,KS,187.36,16084.25,145.98
1993,MA,215.70,1872.91,141.16
1993,AK,170.06,153.72,135.03
1993,AR,182.24,567.36,122.83
1993,ND,177.54,1648.60,119.27
1993,OH,471.15,3391.43,99.75
1993,MT,149.02,2857.62,91.01
1993,NC,692.04,617.19,81.47
1993,HI,87.56,128.66,68.21
1993,DC,404.72,651.87,4.87
1994,NV,1327.18,5245.54,1316.46
1994,CA,894.29,3972.05,701.12
1994,TX,1127.01,10294.53,682.86
1994,LA,1420.98,3627.61,603.95
1994,GA,1241.73,3647.92,602.19
1994,MI,683.75,9427.55,556.53
1994,TN,683.28,2611.86,526.93
1994,MO,638.32,10271.70,524.01
1994,KY,637.56,8739.43,508.65
1994,OR,492.30,2858.37,458.71
1994,UT,530.45,60030.21,455.84
1994,SC,1036.99,2206.38,443.27
1994,CO,564.98,6495.53,436.24
1994,MD,948.66,3656.20,429.18
1994,AL,838.28,2429.25,426.74
1994,SD,491.10,8523.05,425.87
1994,NE,491.50,3541.52,421.39
1994,WA,520.93,4083.83,412.36
1994,VA,838.65,3239.58,400.63
1994,NH,399.62,1227.37,381.84
1994,WI,416.04,11985.91,342.89
1994,ME,353.43,1960.58,339.05
1994,PA,444.87,5838.96,322.51
1994,IL,430.60,8361.27,322.36
1994,MS,804.66,1764.60,318.04
1994,FL,1178.64,1643.87,272.58
1994,NY,427.48,4008.42,272.09
1994,WV,371.36,15911.61,258.73
1994,IA,284.87,15141.55,254.73
1994,AZ,318.79,1240.10,250.40
1994,NJ,739.80,3997.26,248.67
1994,IN,251.88,15789.16,228.63
1994,ID,240.12,17142.29,198.22
1994,MN,254.51,8610.15,184.43
1994,WY,223.11,3213.24,172.30
1994,OK,720.04,2627.90,170.36
1994,NM,385.19,2100.81,163.63
1994,KS,211.53,23793.13,158.26
1994,MA,236.65,2097.10,142.16
1994,ND,207.37,2274.64,137.14
1994,AR,192.82,693.19,127.89
1994,AK,147.22,133.33,117.03
1994,MT,154.28,3280.50,102.95
1994,OH,494.16,3801.12,102.85
1994,NC,724.09,701.57,97.90
1994,HI,114.53,177.23,85.29
1994,DC,411.48,658.67,58.67
1995,NV,1337.55,7302.85,1286.34
1995,CA,965.02,4407.38,786.63
1995,FL,1236.75,4918.81,719.16
1995,TX,1146.17,10461.65,663.39
1995,LA,1516.83,3826.51,634.32
1995,GA,1291.91,3667.91,632.68
1995,KY,705.97,10749.29,575.47
1995,MI,712.49,9669.57,565.23
1995,MO,687.24,12548.23,563.48
1995,TN,739.27,3088.01,550.46
1995,UT,606.08,4209.00,529.37
1995,NE,570.20,6993.94,500.13
1995,OR,516.28,3380.15,483.30
1995,WA,548.89,4675.97,458.99
1995,SC,1092.70,2351.23,458.21
1995,MD,986.60,3784.68,456.60
1995,AL,893.93,2553.98,451.11
1995,CO,589.00,6211.53,441.74
1995,VA,897.90,3485.63,411.04
1995,SD,499.44,8400.34,397.22
1995,NH,401.32,2204.23,384.81
1995,WI,446.32,14629.18,373.83
1995,PA,490.26,6168.12,354.14
1995,ME,352.59,2337.03,338.74
1995,IL,447.02,8736.56,332.16
1995,MS,893.21,1962.14,328.72
1995,WV,419.47,23487.92,294.05
1995,NY,460.19,4109.38,287.99
1995,NJ,782.21,4177.09,262.20
1995,AZ,344.29,1471.70,246.49
1995,IN,272.65,17353.69,242.81
1995,ID,254.48,15279.73,215.29
1995,WY,251.04,3901.20,203.14
1995,OK,800.85,3603.66,196.19
1995,NM,430.23,2975.04,196.01
1995,MN,267.85,7467.09,184.25
1995,ND,229.43,4644.63,174.74
1995,KS,233.73,25448.45,174.57
1995,MA,266.10,2082.90,157.31
1995,AR,207.41,864.39,138.78
1995,NC,756.28,788.40,117.99
1995,MT,159.46,3728.90,115.80
1995,HI,155.24,388.89,114.49
1995,OH,528.99,4201.57,112.44
1995,AK,131.17,128.01,104.05
1995,IA,302.37,18815.20,84.21
1995,DC,415.91,685.95,28.70
1996,NV,1449.44,8569.75,1304.13
1996,CA,1011.94,4280.35,814.94
1996,FL,1222.01,4864.46,727.98
1996,LA,1628.84,3940.29,695.17
1996,MO,805.34,12439.31,658.62
1996,GA,1299.73,3632.87,646.62
1996,KY,754.24,11494.96,597.87
1996,UT,678.92,4209.00,594.98
1996,MI,745.94,10297.33,589.92
1996,TN,754.83,3031.76,573.38
1996,OR,570.96,3762.53,526.64
1996,WA,594.95,4427.44,492.55
1996,NE,597.96,4747.37,484.59
1996,CO,619.30,6495.40,474.64
1996,AL,932.98,2687.54,470.74
1996,MD,1001.78,3680.83,460.06
1996,SC,1126.83,2444.22,459.45
1996,VA,905.04,3463.67,420.86
1996,WI,495.30,14120.93,416.78
1996,SD,515.68,8489.98,416.35
1996,NH,416.36,2213.59,403.27
1996,PA,527.71,6158.04,373.66
1996,MS,1003.66,2189.04,372.03
1996,IL,459.74,9320.17,340.16
1996,ME,345.36,2412.14,328.77
1996,WV,443.65,24138.95,311.07
1996,NY,470.58,4243.92,307.87
1996,IN,281.70,17221.76,252.08
1996,NJ,793.43,4107.03,247.35
1996,AZ,355.87,1481.25,241.58
1996,ID,268.14,12540.42,231.54
1996,TX,1189.13,5046.91,231.06
1996,WY,271.11,4464.17,226.72
1996,OK,875.83,5801.76,203.44
1996,NM,453.98,2706.07,203.00
1996,MN,285.08,6834.40,198.57
1996,KS,254.47,27048.82,186.17
1996,ND,243.87,6488.53,172.51
1996,MA,277.88,2035.32,157.74
1996,HI,212.22,639.54,152.35
1996,AR,222.41,987.17,150.53
1996,NC,793.44,882.60,133.03
1996,MT,167.95,4629.47,128.46
1996,OH,557.38,3750.41,116.92
1996,DC,419.90,628.68,104.74
1996,AK,115.56,115.82,92.16
1996,IA,323.95,15258.41,88.89
1997,NV,1508.72,5026.37,1300.00
1997,CA,1055.72,4650.40,857.72
1997,LA,1759.60,4186.47,783.88
1997,FL,1236.24,4829.78,752.05
1997,KY,847.16,17564.27,688.23
1997,GA,1347.71,3926.23,677.66
1997,MI,790.03,10196.98,629.31
1997,TN,794.71,3352.92,598.67
1997,OR,588.11,14471.91,528.98
1997,NE,663.98,5898.72,527.86
1997,WA,619.01,5163.69,522.27
1997,CO,657.72,6408.77,502.07
1997,AL,972.21,2758.94,499.08
1997,SC,1154.02,2501.60,474.80
1997,MD,1038.83,3843.51,470.24
1997,WI,535.37,17503.75,453.03
1997,SD,533.62,10257.16,442.98
1997,VA,938.46,3644.48,433.26
1997,NH,438.97,2763.36,413.98
1997,MS,1050.27,2208.57,395.51
1997,PA,547.54,6394.55,385.30
1997,IL,488.19,9799.77,359.64
1997,WV,474.83,23095.42,354.54
1997,UT,752.41,4209.00,349.77
1997,ME,339.09,3948.11,319.09
1997,NY,486.04,4519.03,311.69
1997,IN,298.56,18632.97,267.85
1997,NJ,811.02,4124.96,261.95
1997,WY,302.95,5198.70,257.78
1997,AZ,361.75,1519.85,256.02
1997,ID,279.48,11041.70,245.21
1997,TX,1247.73,4966.02,239.31
1997,OK,957.19,5032.22,232.78
1997,HI,301.08,688.40,227.34
1997,NM,447.58,2841.85,218.94
1997,MN,304.98,7982.47,204.02
1997,KS,276.15,29503.63,203.50
1997,ND,260.70,5384.03,193.85
1997,AR,235.21,1133.15,160.28
1997,MA,280.72,2109.67,159.75
1997,MO,823.86,9450.55,151.10
1997,NC,828.38,992.24,147.57
1997,MT,175.15,4720.21,140.36
1997,OH,577.18,3588.24,127.83
1997,IA,341.68,17745.15,97.66
1997,AK,99.02,98.26,78.94
1997,DC,407.52,681.33,50.94
1998,CA,1076.59,5117.56,877.35
1998,LA,1906.89,4511.83,833.48
1998,FL,1264.02,4845.38,767.92
1998,GA,1431.62,3984.02,747.25
1998,KY,891.22,18712.64,733.53
1998,MI,821.61,10315.45,668.10
1998,TN,824.35,3602.42,621.09
1998,NE,727.19,6411.26,590.33
1998,WA,659.55,5446.26,568.76
1998,OR,629.07,13605.16,567.75
1998,CO,697.74,7966.20,524.09
1998,AL,1014.48,2948.77,523.80
1998,SC,1177.43,2546.89,499.00
1998,WI,590.06,18623.95,495.41
1998,SD,601.86,8065.73,484.21
1998,MD,1077.29,3833.19,477.07
1998,VA,957.80,3664.49,430.89
1998,MS,1083.36,2230.23,429.47
1998,PA,578.82,5833.08,419.86
1998,NH,440.19,5235.09,414.59
1998,WV,511.86,17401.98,386.49
1998,IL,514.69,10653.53,378.29
1998,UT,832.72,4209.00,376.81
1998,NV,1450.38,978.01,350.41
1998,NY,506.29,4439.98,323.37
1998,NM,538.54,4461.78,291.95
1998,IN,317.51,19676.81,283.74
1998,WY,334.98,6945.96,275.15
1998,AZ,380.65,1720.03,270.97
1998,NJ,839.25,4281.29,263.33
1998,ID,287.50,13495.89,259.91
1998,OK,1151.29,6638.41,252.73
1998,TX,1293.73,5894.07,244.87
1998,MN,317.84,7733.05,219.48
1998,KS,296.98,31032.20,216.84
1998,HI,264.57,369.05,201.21
1998,AR,244.09,1213.69,173.31
1998,MT,192.62,5951.34,169.95
1998,MA,280.05,1790.05,164.24
1998,NC,842.64,1020.95,163.16
1998,MO,845.94,9471.39,160.19
1998,OH,582.75,4154.21,132.20
1998,ME,347.01,1117.13,115.14
1998,ND,282.01,3429.81,107.55
1998,IA,355.45,17076.70,101.52
1998,AK,84.07,91.79,67.66
1998,DC,417.75,693.39,25.36
1999,LA,2031.16,4786.69,904.69
1999,CA,1065.34,4516.32,844.16
1999,FL,1341.09,4975.60,825.48
1999,AZ,999.82,4593.62,811.93
1999,KY,923.88,15056.21,804.52
1999,GA,1469.55,4280.81,763.13
1999,MO,865.09,14938.61,760.49
1999,NE,869.85,11595.67,749.34
1999,UT,1202.66,4209.00,699.44
1999,MI,838.09,12805.09,689.29
1999,TN,858.92,3720.84,637.93
1999,WA,672.27,4626.54,588.60
1999,CO,763.84,7939.24,588.10
1999,OR,650.68,6177.69,583.84
1999,AL,1066.12,3078.08,578.62
1999,MS,1320.23,2551.99,575.91
1999,SD,656.41,11817.89,556.78
1999,WI,663.15,23350.55,551.22
1999,SC,1158.71,2576.07,500.13
1999,VA,1010.77,4090.28,496.98
1999,MD,1097.59,3972.79,489.88
1999,NC,870.92,4077.05,446.32
1999,PA,610.96,6140.97,438.74
1999,NH,441.04,4893.75,418.78
1999,IL,534.96,11171.86,400.57
1999,WV,534.82,17670.13,371.64
1999,NY,546.52,4720.51,356.52
1999,NV,1359.35,882.93,332.05
1999,IN,338.13,19959.61,303.66
1999,NJ,853.73,4378.63,292.56
1999,WY,365.64,10627.24,288.86
1999,ID,298.49,14325.32,275.17
1999,OK,1114.77,9341.84,265.64
1999,MT,240.87,6206.83,253.11
1999,TX,1375.91,5827.35,251.58
1999,NM,566.02,7157.24,224.50
1999,MN,331.97,6325.74,222.03
1999,KS,316.33,26045.48,219.29
1999,AR,262.32,1433.63,181.39
1999,MA,293.87,1745.81,164.72
1999,OH,620.13,4133.15,142.91
1999,ME,352.24,932.11,122.48
1999,IA,368.97,14142.10,106.92
1999,HI,139.24,287.03,104.63
1999,ND,287.50,2906.78,90.52
1999,AK,199.03,36.32,57.86
1999,DC,412.91,680.58,43.58
2000,NV,1311.66,5933.46,1196.05
2000,UT,1317.32,37342.14,1119.69
2000,OK,1191.30,8085.70,996.58
2000,KY,987.23,13630.04,865.37
2000,CA,1047.61,4564.30,854.25
2000,FL,1360.63,4995.38,847.67
2000,AZ,1005.18,4108.68,844.66
2000,NE,945.54,7144.04,843.16
2000,MO,935.52,9282.57,828.84
2000,GA,1542.25,5453.27,819.36
2000,OR,772.68,3597.54,715.92
2000,MI,851.14,8248.70,698.61
2000,TN,897.07,4151.12,696.60
2000,VA,1248.94,6286.21,664.72
2000,AL,1124.97,3155.80,625.48
2000,CO,788.76,5878.37,603.75
2000,WA,679.00,3980.10,593.82
2000,SD,667.48,4409.84,588.06
2000,WI,689.08,17753.80,578.63
2000,LA,1318.49,2440.43,564.96
2000,SC,1131.98,2469.54,493.93
2000,MD,1029.66,3591.87,478.31
2000,PA,626.84,5831.10,435.36
2000,IL,592.20,8391.09,425.77
2000,NM,650.86,10523.81,408.58
2000,NH,419.71,3813.65,389.56
2000,NC,726.06,3905.71,381.83
2000,NY,562.38,4534.94,359.88
2000,IN,356.04,6974.97,317.99
2000,TX,1512.57,5283.64,315.66
2000,MS,1225.08,1197.08,314.79
2000,WY,363.69,7884.74,301.79
2000,ID,314.32,2716.71,279.87
2000,MT,263.17,5661.10,254.17
2000,MN,333.52,4428.70,236.58
2000,HI,306.96,674.69,231.58
2000,KS,338.21,13367.45,230.61
2000,AR,270.20,1168.65,189.67
2000,WV,502.89,7855.13,178.20
2000,MA,295.88,1710.99,171.46
2000,OH,644.53,3652.15,151.66
2000,ME,358.91,875.34,129.79
2000,ND,336.51,3622.61,112.71
2000,IA,380.99,6927.82,109.08
2000,NJ,824.86,1422.60,106.52
2000,AK,199.26,33.25,72.28
2000,DC,385.35,652.00,41.65
2001,UT,1441.45,38967.61,1220.51
2001,OK,1205.59,7410.56,1050.76
2001,KY,1058.28,14598.34,952.63
2001,AZ,1058.82,4589.30,916.46
2001,MO,1013.14,9963.94,889.56
2001,CA,1049.05,4640.99,867.84
2001,FL,1382.99,5034.52,858.23
2001,GA,1583.15,6553.23,857.63
2001,NE,950.21,6822.48,808.56
2001,OR,825.71,4405.53,774.48
2001,VA,1416.02,6393.04,760.58
2001,TN,963.43,4460.11,758.60
2001,MI,858.86,7941.66,730.49
2001,AL,1157.33,3169.82,669.09
2001,CO,834.74,6842.65,633.83
2001,WA,683.41,4058.12,611.40
2001,WI,706.26,15364.42,590.01
2001,SD,689.28,4551.54,580.28
2001,NM,776.38,9521.53,549.88
2001,LA,1390.93,2540.32,523.96
2001,SC,1173.41,2599.98,509.63
2001,MD,1021.31,3596.55,473.03
2001,PA,652.61,5808.88,470.27
2001,IL,604.48,9218.82,446.25
2001,NH,417.68,3752.14,399.51
2001,NC,727.43,3714.02,387.24
2001,NY,556.09,4459.62,366.81
2001,MS,1307.04,1274.99,362.93
2001,IN,378.98,7211.06,339.47
2001,NV,1301.31,1638.65,338.54
2001,WY,390.80,9686.54,329.68
2001,TX,1602.95,6417.46,318.27
2001,ID,323.42,2869.18,289.63
2001,MN,356.36,5052.94,256.38
2001,MT,279.10,5660.64,253.17
2001,KS,350.71,14688.82,250.53
2001,ND,357.80,3816.60,241.23
2001,HI,282.33,646.55,218.33
2001,AR,283.85,1140.12,199.19
2001,WV,549.68,9091.70,188.47
2001,MA,290.34,1742.23,169.03
2001,OH,664.38,3407.06,158.25
2001,ME,364.74,1005.12,137.24
2001,IA,395.83,6922.80,110.63
2001,NJ,787.58,1308.79,107.78
2001,AK,197.22,34.51,97.82
2001,DC,408.18,673.27,20.71
2002,UT,1560.93,39510.72,1311.70
2002,OK,1268.58,8031.85,1096.41
2002,KY,1107.15,14516.41,993.98
2002,MO,1057.56,10929.87,943.09
2002,FL,1441.07,5186.22,939.90
2002,GA,1639.33,5553.70,924.12
2002,AZ,1100.11,4192.38,915.80
2002,NE,976.86,12991.46,868.97
2002,CA,1063.09,4920.59,864.22
2002,TN,1020.90,4804.18,810.35
2002,VA,1491.47,6527.80,806.58
2002,OR,864.41,4417.85,793.75
2002,IN,830.03,11053.39,760.58
2002,MI,884.84,7449.44,755.56
2002,AL,1201.14,3245.15,730.62
2002,NM,942.28,11233.45,724.05
2002,CO,910.48,6099.06,720.52
2002,WI,729.01,14982.65,631.69
2002,WA,731.68,4589.00,630.43
2002,SD,714.07,6177.53,604.82
2002,LA,1469.23,2624.70,599.14
2002,SC,1220.46,2685.08,553.14
2002,PA,694.50,6111.92,510.80
2002,MD,1022.85,3723.01,483.22
2002,IL,618.94,9280.15,468.05
2002,NH,435.13,4243.98,407.91
2002,NC,751.02,3668.41,402.30
2002,MS,1398.94,1368.44,395.66
2002,NY,566.12,4436.61,366.74
2002,WY,414.72,11089.97,353.79
2002,NV,1298.42,6170.67,336.03
2002,TX,1652.82,7466.92,335.43
2002,ID,343.60,3614.23,307.48
2002,MN,387.70,5304.44,288.94
2002,KS,365.85,15934.17,280.03
2002,NJ,764.66,3786.00,277.37
2002,ND,367.27,3850.15,271.56
2002,MT,299.02,5767.47,259.43
2002,HI,290.96,721.25,229.13
2002,WV,585.30,12709.89,226.25
2002,AR,295.53,1137.85,209.45
2002,MA,297.01,1879.04,180.76
2002,OH,685.11,3580.46,165.33
2002,ME,374.07,1048.57,140.68
2002,AK,191.39,35.43,116.66
2002,IA,412.25,6722.35,113.94
2002,DC,428.52,838.77,21.25
2003,UT,1678.87,37445.91,1471.61
2003,OK,1316.66,7573.14,1153.02
2003,KY,1148.55,14135.77,1031.73
2003,FL,1496.78,5195.00,1005.48
2003,AZ,1175.80,4724.98,991.07
2003,GA,1644.17,5696.29,966.98
2003,MO,1064.50,11215.86,937.81
2003,NM,1122.18,8868.25,878.30
2003,CA,1053.34,5276.88,869.54
2003,VA,1538.36,6807.25,867.40
2003,TN,1086.04,4867.54,865.78
2003,NE,974.09,12738.40,862.52
2003,OR,862.71,4519.27,822.66
2003,IN,885.39,10982.97,801.48
2003,AL,1215.33,3121.92,752.13
2003,MI,888.69,6933.67,746.53
2003,CO,953.35,7357.68,735.58
2003,SD,734.25,22556.32,681.95
2003,LA,1536.66,2551.75,675.95
2003,WA,717.37,4268.96,652.04
2003,WI,753.27,13424.21,620.54
2003,SC,1221.61,2622.80,569.61
2003,PA,716.85,6122.62,530.89
2003,IL,671.49,7071.79,508.31
2003,MD,1039.12,3680.32,490.90
2003,NC,763.79,3597.51,424.93
2003,MS,1527.56,1560.98,386.26
2003,TX,1723.69,8412.09,381.26
2003,WY,435.30,11007.41,377.49
2003,NY,568.50,4268.24,365.15
2003,NV,1281.96,6330.47,337.75
2003,ID,363.08,3836.55,320.69
2003,MN,436.25,4833.63,315.00
2003,ND,489.61,6213.39,312.35
2003,NJ,783.14,3710.72,293.87
2003,KS,382.81,13729.45,291.58
2003,MT,318.66,5139.20,256.02
2003,HI,304.25,532.45,234.72
2003,WV,643.97,9822.46,234.41
2003,RI,320.88,2341.51,225.75
2003,AR,305.62,1133.00,221.75
2003,MA,309.90,1894.28,181.29
2003,OH,701.72,3581.35,170.52
2003,NH,446.08,2131.27,165.08
2003,ME,379.00,1114.15,149.23
2003,AK,184.85,39.44,135.20
2003,IA,425.41,5085.86,112.95
2003,DC,780.68,1335.74,45.43
2004,UT,1784.57,50926.14,1495.70
2004,OK,1346.81,8094.30,1181.74
2004,KY,1271.18,13495.09,1151.42
2004,FL,1549.07,5092.34,1091.55
2004,AZ,1279.23,4766.48,1069.26
2004,NM,1267.77,9653.41,1039.57
2004,GA,1661.49,5430.26,996.23
2004,MO,1091.04,12039.20,954.36
2004,TN,1146.12,5028.15,936.07
2004,VA,1585.45,6815.76,885.54
2004,CA,1055.24,5550.81,867.43
2004,OR,891.55,4514.87,853.69
2004,NE,941.82,7966.12,834.17
2004,IN,912.36,11678.62,830.23
2004,AL,1257.90,3169.03,804.64
2004,MI,906.69,7187.69,745.93
2004,CO,974.06,6048.28,728.65
2004,LA,1791.60,2901.47,699.72
2004,WA,715.95,4121.49,655.32
2004,WI,774.28,12129.95,653.79
2004,SD,749.78,20913.21,611.55
2004,SC,1218.51,2566.54,577.66
2004,PA,733.48,6456.89,539.17
2004,IL,674.20,7923.36,524.82
2004,MD,1017.18,3457.82,497.24
2004,NC,790.26,3681.31,449.60
2004,MS,1628.11,1602.54,444.27
2004,TX,1805.15,9154.99,433.85
2004,WY,455.31,9420.77,401.03
2004,NY,585.10,4497.77,377.88
2004,MN,479.52,5300.93,358.60
2004,NV,1245.90,6576.49,329.79
2004,ID,379.15,5034.01,325.23
2004,NJ,787.70,3717.22,303.77
2004,KS,397.07,12808.00,292.20
2004,ND,481.06,5850.11,288.94
2004,MT,338.01,4249.94,259.86
2004,WV,702.12,9605.97,255.20
2004,AR,312.63,1110.82,225.45
2004,RI,303.98,2040.39,218.12
2004,HI,297.58,929.57,211.20
2004,NH,460.50,2446.89,181.81
2004,MA,313.60,1865.70,179.14
2004,OH,723.96,3792.82,177.34
2004,ME,389.26,1229.41,154.92
2004,AK,175.98,43.57,154.63
2004,IA,438.86,4716.16,114.77
2004,DC,862.90,1461.67,76.39
2005,UT,1879.37,27422.36,1604.67
2005,OK,1372.97,7218.82,1203.38
2005,KY,1350.43,12677.93,1191.06
2005,NM,1391.34,10239.62,1176.06
2005,TX,1903.38,10903.80,1160.46
2005,FL,1603.22,5160.28,1127.93
2005,GA,1695.71,4423.10,1086.93
2005,AZ,1260.55,4113.30,1058.10
2005,MO,1178.71,10829.90,999.14
2005,LA,1806.04,3504.49,984.82
2005,TN,1167.65,5303.41,969.71
2005,VA,1586.15,5587.83,924.76
2005,CA,1079.00,4380.73,894.16
2005,IN,972.00,9862.32,885.51
2005,AL,1307.77,3218.82,857.01
2005,OR,870.53,4095.70,839.95
2005,WY,914.44,9431.90,837.27
2005,CO,1072.04,6461.95,795.47
2005,MI,939.91,6897.64,784.18
2005,MS,1693.01,1607.82,778.48
2005,SD,807.02,9873.66,688.46
2005,WA,730.43,4035.51,677.20
2005,WI,793.46,9685.40,665.90
2005,SC,1210.30,2597.93,606.10
2005,PA,769.86,6709.09,573.68
2005,IL,712.20,7715.20,550.72
2005,MD,998.20,3373.91,502.35
2005,NC,806.27,3499.56,470.75
2005,NE,878.81,4634.05,394.97
2005,NY,596.83,4410.28,393.66
2005,MN,510.00,4854.13,381.43
2005,IA,450.57,5997.64,371.68
2005,NJ,795.54,3720.11,329.04
2005,NV,1205.91,6967.45,328.85
2005,ND,486.64,2179.98,324.89
2005,ID,384.33,2366.66,315.93
2005,KS,392.84,9527.15,304.45
2005,WV,786.36,6624.74,279.86
2005,MT,348.43,3980.53,252.61
2005,AR,316.13,1019.43,238.58
2005,RI,336.11,2188.99,238.58
2005,HI,328.13,730.53,236.88
2005,MA,325.85,1920.10,188.84
2005,OH,740.14,3651.63,185.75
2005,NH,462.81,1804.73,185.47
2005,AK,168.00,42.77,185.17
2005,ME,388.72,1232.84,156.91
2005,DC,861.45,1552.69,64.15
2006,UT,1796.71,22746.66,1618.77
2006,TX,2240.04,10854.68,1342.05
2006,NM,1445.34,14026.73,1228.48
2006,KY,1396.64,11544.04,1218.01
2006,OK,1390.46,7518.40,1216.28
2006,FL,1637.25,5032.70,1170.96
2006,GA,1713.42,4309.63,1119.19
2006,AZ,1272.52,3870.23,1045.95
2006,NE,1249.89,78043.00,1016.48
2006,VA,1667.02,5803.69,985.68
2006,MO,1215.57,11144.40,983.43
2006,TN,1180.50,5244.93,976.20
2006,LA,1925.63,3457.88,953.32
2006,CA,1077.67,4536.07,888.37
2006,IN,966.63,10117.91,882.17
2006,AL,1311.38,3237.86,848.39
2006,OR,868.32,4216.48,840.98
2006,CO,1104.05,6464.88,814.48
2006,MI,960.26,7200.96,807.41
2006,WY,965.82,6582.33,807.19
2006,WV,827.09,9461.26,764.59
2006,WA,735.70,4207.89,677.67
2006,SD,847.98,6426.30,677.63
2006,WI,821.09,9844.22,639.46
2006,SC,1213.56,2567.34,599.66
2006,PA,815.50,7065.17,590.63
2006,IL,737.89,6790.76,563.10
2006,MD,996.65,3331.48,514.08
2006,MS,1778.53,1690.22,511.56
2006,NC,820.90,3431.69,492.56
2006,NY,626.62,4439.76,407.25
2006,IA,445.12,5102.95,398.33
2006,NV,1183.26,1416.52,378.89
2006,MN,507.40,4537.54,367.48
2006,ND,542.83,5738.55,357.96
2006,ID,411.69,2618.06,322.37
2006,KS,424.99,8834.27,319.80
2006,NJ,807.28,3779.03,314.33
2006,RI,347.28,2356.80,250.50
2006,AR,320.71,1318.29,243.97
2006,MT,270.54,4123.35,243.84
2006,HI,306.52,656.90,214.66
2006,MA,337.21,1830.02,202.21
2006,NH,492.65,1929.86,196.19
2006,OH,755.93,3557.71,191.95
2006,AK,182.92,175.42,189.54
2006,ME,400.38,1197.42,151.36
2006,DC,868.59,1387.11,50.43
2007,UT,1738.91,21337.86,1594.40
2007,NM,1387.55,13696.57,1420.81
2007,TX,2113.46,10881.81,1336.16
2007,KY,1501.81,12499.05,1323.79
2007,LA,1957.96,3521.94,1227.93
2007,FL,1684.34,5102.28,1202.91
2007,OK,1380.83,7637.40,1170.90
2007,GA,1745.24,4326.92,1134.63
2007,VA,1726.29,6091.12,1069.83
2007,AZ,1294.72,4047.18,1028.01
2007,NV,1152.61,10344.43,1024.88
2007,TN,1192.20,5166.96,986.64
2007,MO,1209.60,11418.65,982.29
2007,IN,997.16,9125.70,909.03
2007,NE,1070.05,43705.22,895.23
2007,CA,1073.20,4597.49,892.27
2007,AL,1320.92,3396.43,873.15
2007,WY,948.26,6864.25,808.42
2007,CO,1052.30,5129.75,800.04
2007,OR,859.63,4316.74,793.01
2007,MI,943.15,7557.94,785.63
2007,WV,846.18,9911.46,781.72
2007,WI,819.39,9515.38,667.57
2007,WA,724.12,4129.79,653.70
2007,SD,835.82,7034.90,649.57
2007,SC,1214.82,2558.58,620.53
2007,PA,841.23,6626.46,611.21
2007,MS,1851.80,1697.81,593.00
2007,IL,736.33,7374.50,549.10
2007,MD,1014.75,3276.14,512.54
2007,NC,834.80,3417.14,506.71
2007,ND,565.48,8845.02,413.91
2007,NY,634.80,4366.55,409.54
2007,IA,447.15,5071.54,391.68
2007,MN,501.90,4893.61,356.86
2007,NJ,797.99,3654.29,316.12
2007,KS,419.38,7726.06,309.61
2007,ID,400.05,2878.26,307.47
2007,RI,376.96,2310.46,273.90
2007,AR,343.79,1218.60,262.70
2007,MT,280.06,4831.62,238.83
2007,HI,305.80,750.76,222.43
2007,NH,498.55,1544.69,198.13
2007,MA,338.04,1718.95,195.91
2007,AK,189.04,314.61,190.08
2007,OH,772.02,3567.18,189.75
2007,ME,408.99,1316.30,148.52
2007,DC,785.16,1327.80,42.07
2008,NM,1351.13,10945.19,1451.78
2008,UT,1669.97,21192.82,1417.05
2008,LA,2004.69,3715.82,1382.18
2008,KY,1505.77,12110.22,1339.01
2008,TX,1965.34,9926.85,1246.67
2008,FL,1730.08,5140.46,1246.09
2008,OK,1406.37,8314.46,1185.54
2008,GA,1720.21,4240.22,1095.80
2008,TN,1222.61,5062.98,1026.09
2008,AZ,1295.90,3798.31,1024.77
2008,VA,1715.19,5824.62,1021.69
2008,MO,1195.15,16576.81,990.02
2008,NV,1148.05,8273.14,986.29
2008,IN,1030.04,8943.16,936.23
2008,AL,1361.15,3429.28,891.63
2008,CA,1058.97,4360.04,869.17
2008,NE,963.45,27183.22,847.88
2008,WY,942.96,7615.36,832.73
2008,OR,859.15,4752.40,792.99
2008,WV,847.74,10816.69,781.01
2008,MI,925.11,7726.70,780.46
2008,CO,996.68,4618.26,762.89
2008,WI,807.45,9646.75,692.11
2008,SD,846.24,8872.69,683.27
2008,WA,729.64,3759.94,663.72
2008,PA,880.59,6796.43,644.33
2008,MS,1919.66,1752.54,617.47
2008,SC,1212.36,2523.07,610.45
2008,IL,752.05,7535.91,561.29
2008,MD,1022.96,3270.34,529.87
2008,NC,849.06,3316.23,525.66
2008,NY,639.37,4482.01,421.27
2008,ND,603.35,8959.56,417.38
2008,IA,461.47,5326.61,403.84
2008,MN,495.37,4694.78,342.50
2008,NJ,772.85,3440.80,317.80
2008,KS,415.26,7440.11,311.45
2008,ID,390.42,2982.48,307.18
2008,AR,367.25,1297.41,282.30
2008,RI,367.12,2679.46,260.09
2008,MT,288.05,5123.48,250.29
2008,HI,306.95,478.65,231.27
2008,NH,506.23,1624.31,204.98
2008,MA,339.18,1606.19,197.87
2008,AK,197.82,453.77,195.80
2008,OH,789.68,3217.73,195.16
2008,ME,419.54,1203.18,144.71
2008,DC,701.94,1302.37,53.20
2009,NM,1851.59,12350.27,2041.69
2009,LA,1901.55,3778.57,1679.30
2009,UT,1742.28,18724.43,1453.83
2009,KY,1515.47,11038.27,1341.24
2009,TX,1934.61,9809.08,1249.63
2009,OK,1421.69,8384.85,1215.67
2009,FL,1696.34,4983.60,1215.40
2009,GA,1737.06,4355.66,1100.72
2009,TN,1231.17,4935.35,1055.74
2009,NV,1197.19,8425.18,1027.37
2009,AZ,1308.09,3920.18,1023.67
2009,MO,1177.21,13225.66,1005.22
2009,IN,1054.91,9222.78,962.68
2009,AL,1386.34,3534.86,949.39
2009,WY,916.41,5911.84,857.68
2009,NE,941.58,19376.55,849.16
2009,CA,1036.15,4280.80,837.36
2009,WV,885.75,10383.95,829.93
2009,OR,850.24,4767.41,796.64
2009,MI,886.18,7366.84,741.58
2009,CO,984.88,4782.24,728.21
2009,WI,821.94,9423.69,686.45
2009,PA,904.61,6787.27,673.93
2009,SD,847.43,7547.01,673.82
2009,WA,721.80,3797.44,668.40
2009,OH,800.57,6636.20,649.22
2009,SC,1212.51,2477.83,614.86
2009,MS,1937.43,1789.10,588.76
2009,IL,749.00,8359.26,542.42
2009,MD,1002.20,3218.32,521.05
2009,VA,1697.25,2990.47,517.12
2009,NC,850.36,3455.12,515.93
2009,NY,642.82,4321.77,430.78
2009,ND,565.17,7643.93,407.18
2009,IA,465.01,4934.78,399.81
2009,MN,510.20,5080.03,349.04
2009,MA,550.24,2897.42,320.02
2009,KS,416.90,7342.59,318.40
2009,NJ,762.50,3362.26,318.04
2009,ID,385.99,3263.03,314.43
2009,AR,387.23,1375.79,295.74
2009,MT,299.17,5283.21,239.98
2009,RI,319.19,1838.09,231.43
2009,HI,289.57,563.03,229.02
2009,NH,523.52,1351.75,208.41
2009,AK,209.47,581.68,196.75
2009,ME,435.46,1386.25,150.91
2009,DC,688.81,1397.83,46.09
2010,NM,1737.32,8034.00,1863.39
2010,LA,1903.95,3705.48,1728.04
2010,UT,1800.40,16256.53,1547.83
2010,KY,1547.66,9605.07,1395.21
2010,TX,1950.26,9671.11,1255.68
2010,OK,1465.63,7081.30,1243.60
2010,FL,1675.38,4717.59,1227.80
2010,TN,1290.57,4802.62,1115.49
2010,GA,1710.00,4099.71,1102.59
2010,AZ,1268.10,3453.80,1022.49
2010,NV,1168.01,4888.08,1018.73
2010,MO,1178.86,11450.64,1009.87
2010,IN,1076.04,8103.43,991.80
2010,AL,1371.02,3418.31,957.11
2010,WV,920.41,7578.98,875.43
2010,OR,842.47,3818.07,835.84
2010,WY,902.29,5592.90,825.51
2010,CA,991.21,3760.95,803.60
2010,MS,1975.70,1610.08,754.21
2010,CO,1009.79,5533.62,748.12
2010,MI,874.00,7065.40,715.57
2010,WA,713.81,3270.54,696.22
2010,NE,849.16,18330.41,691.41
2010,WI,809.96,8378.90,681.71
2010,PA,910.05,6287.75,677.98
2010,SD,839.12,5230.10,670.82
2010,OH,817.78,6280.72,670.13
2010,SC,1179.27,2415.29,607.07
2010,IL,795.21,7697.92,580.54
2010,MD,1010.72,3056.95,545.07
2010,NC,858.77,3294.23,538.92
2010,VA,1709.77,3037.67,538.89
2010,NY,636.29,4057.31,428.44
2010,ND,647.49,4839.05,425.32
2010,IA,479.85,5342.76,415.46
2010,MN,496.34,4216.75,350.71
2010,KS,427.15,5928.48,325.16
2010,MA,540.22,2820.05,321.36
2010,NJ,751.56,3263.08,321.18
2010,ID,375.61,2194.01,310.89
2010,AR,403.72,1384.64,309.20
2010,MT,310.88,4676.39,244.49
2010,RI,309.56,1828.08,225.60
2010,HI,283.87,493.89,213.35
2010,NH,523.64,1218.56,198.48
2010,AK,212.79,320.76,196.32
2010,ME,456.07,1604.94,196.19
2010,DC,686.88,1319.30,46.39
2011,LA,1927.63,3690.80,1706.37
2011,NM,1670.41,6988.98,1664.74
2011,UT,1823.27,15550.65,1548.22
2011,KY,1627.17,8848.09,1466.11
2011,MS,2013.67,3529.17,1428.47
2011,TX,1983.38,8271.16,1285.22
2011,FL,1674.23,4479.20,1266.72
2011,OK,1462.58,7030.91,1255.84
2011,TN,1394.92,4689.65,1208.04
2011,NV,1243.12,10614.01,1156.77
2011,GA,1740.74,3825.68,1130.40
2011,AZ,1259.62,3244.64,1046.12
2011,MO,1190.35,10933.50,1028.91
2011,AL,1396.46,3312.19,999.40
2011,IN,1070.67,7124.44,978.40
2011,WV,969.73,6352.36,915.01
2011,WY,906.66,5756.85,844.01
2011,OR,836.18,3840.95,813.13
2011,CO,949.67,5407.04,742.79
2011,CA,912.08,3435.87,740.30
2011,MI,862.54,6956.52,710.05
2011,SD,901.31,4893.88,693.13
2011,WA,701.85,2950.18,685.81
2011,PA,910.73,6400.26,681.80
2011,WI,795.12,7003.02,666.27
2011,OH,810.38,5912.29,661.23
2011,IL,815.98,6933.70,598.28
2011,SC,1146.82,2313.08,595.87
2011,MD,1028.84,3069.31,575.76
2011,VA,1714.10,2879.05,554.08
2011,NC,861.95,3288.91,543.86
2011,NH,522.49,2909.10,495.46
2011,NE,611.98,3120.28,478.33
2011,NY,643.16,3865.70,435.82
2011,ME,454.70,2959.59,429.52
2011,IA,459.98,5005.18,417.27
2011,ND,672.67,4607.76,406.21
2011,MN,485.17,4378.27,336.39
2011,KS,426.04,5002.20,325.78
2011,MA,549.05,2639.30,322.12
2011,NJ,699.46,3144.26,318.18
2011,AR,419.69,1349.05,315.78
2011,ID,372.68,2041.73,314.79
2011,MT,325.14,3707.52,243.97
2011,RI,293.01,1908.94,241.69
2011,AK,214.13,508.69,196.58
2011,DC,656.19,1371.55,36.27
2011,HI,266.26,0.00,0.00
2012,MS,2139.69,3806.31,1755.72
2012,UT,1923.20,15590.02,1671.37
2012,KY,1712.65,8517.83,1549.27
2012,NM,1613.25,6892.22,1508.17
2012,LA,1916.85,3672.12,1378.17
2012,OK,1555.86,7040.32,1323.91
2012,TX,1948.33,7612.43,1303.03
2012,FL,1681.37,4360.99,1298.85
2012,TN,1426.85,4415.88,1245.36
2012,NV,1303.19,5071.54,1229.49
2012,GA,1761.52,3687.73,1141.23
2012,AZ,1268.83,3463.64,1101.38
2012,MO,1239.22,10552.64,1072.74
2012,AL,1429.40,3356.31,1043.71
2012,IN,1080.76,6334.14,986.09
2012,WV,1042.73,5946.13,985.88
2012,WY,917.64,3879.51,829.84
2012,OR,826.83,3740.99,791.44
2012,SD,982.53,3635.03,768.26
2012,CO,941.14,4431.56,740.89
2012,WA,734.33,2679.80,734.92
2012,CA,870.86,3385.77,728.95
2012,MI,879.02,6973.15,726.64
2012,PA,934.38,6227.80,717.00
2012,OH,818.60,5330.31,677.21
2012,WI,800.61,6792.78,674.93
2012,SC,1150.60,2283.59,639.00
2012,IL,842.90,6945.96,619.15
2012,VA,1726.61,2988.32,580.36
2012,NC,868.28,3081.79,570.54
2012,MD,1000.34,2802.67,565.93
2012,NH,553.46,2464.11,512.69
2012,NE,616.20,2894.42,463.26
2012,ND,674.83,3114.60,455.69
2012,NY,658.26,3782.74,443.60
2012,ME,464.48,2872.39,426.87
2012,IA,469.11,4516.60,420.71
2012,MN,503.64,3754.32,361.19
2012,KS,433.47,4190.87,341.20
2012,MA,545.53,2483.26,336.81
2012,NJ,707.47,3063.82,335.38
2012,AR,441.02,1387.35,334.95
2012,ID,377.71,2078.54,328.81
2012,MT,341.62,3372.17,256.45
2012,RI,290.91,1641.46,209.68
2012,AK,224.46,444.25,203.10
2012,HI,249.44,327.41,195.74
2012,DC,585.99,1059.35,39.68
2013,MS,2207.33,3842.53,1999.44
2013,UT,1997.89,14608.03,1643.93
2013,KY,1671.11,8132.03,1499.37
2013,TX,2027.91,7105.71,1404.95
2013,OK,1626.55,6793.19,1378.63
2013,NM,1569.12,6088.21,1377.08
2013,TN,1466.11,4377.86,1279.27
2013,NV,1511.18,4543.34,1273.60
2013,FL,1669.54,4263.88,1263.46
2013,GA,1840.58,3758.36,1212.14
2013,VA,1761.54,5301.69,1158.03
2013,AZ,1316.75,3580.23,1156.67
2013,MO,1277.63,10286.73,1103.22
2013,LA,1918.07,3423.48,1074.90
2013,AL,1420.69,3302.27,1041.91
2013,IN,1120.45,6214.35,1036.51
2013,WV,1029.76,5843.12,907.88
2013,WY,948.47,4323.23,871.48
2013,OR,853.64,4016.05,865.74
2013,SD,972.62,3217.21,773.23
2013,CA,907.12,3471.28,764.65
2013,WA,760.49,2933.10,757.00
2013,MI,893.74,6938.06,744.72
2013,CO,926.82,4293.69,732.96
2013,PA,956.58,6222.27,729.16
2013,OH,858.20,5113.08,711.02
2013,WI,823.73,6555.21,672.30
2013,IL,841.61,6195.95,617.86
2013,SC,1145.66,2137.33,616.45
2013,NC,886.34,3021.78,585.68
2013,MD,1003.73,2829.16,564.38
2013,MT,724.01,5375.22,535.53
2013,NH,563.22,2729.23,526.57
2013,NE,622.49,2685.23,475.22
2013,NY,675.16,3817.02,463.08
2013,ME,492.01,2877.52,448.31
2013,IA,474.21,3726.08,417.13
2013,ND,645.66,2755.65,408.83
2013,MN,512.39,3928.19,368.02
2013,AR,465.80,1423.49,361.71
2013,NJ,701.66,2914.41,341.30
2013,KS,437.00,3491.97,338.70
2013,MA,513.31,2204.51,327.80
2013,ID,373.99,2994.81,321.44
2013,AK,232.03,459.02,212.59
2013,RI,291.34,1611.75,204.80
2013,HI,201.17,248.96,159.25
2013,DC,477.75,1031.09,27.89
2014,MS,2043.19,3486.63,1925.25
2014,UT,2028.52,12756.04,1733.23
2014,NM,1599.91,6175.33,1591.90
2014,KY,1715.97,8105.77,1575.89
2014,OK,1733.35,7100.31,1502.50
2014,TX,2033.38,6810.17,1463.27
2014,FL,1670.45,4229.33,1321.12
2014,TN,1478.81,4174.92,1311.44
2014,GA,1829.65,3781.11,1272.56
2014,AZ,1358.31,3337.43,1259.31
2014,MO,1322.19,9907.35,1165.38
2014,NV,1593.08,4482.36,1158.62
2014,LA,1997.28,3502.42,1127.39
2014,IN,1136.42,6061.86,1072.09
2014,AL,1380.74,3117.37,1026.38
2014,WY,959.69,5468.51,874.49
2014,OR,862.49,3733.21,836.76
2014,WV,920.98,4475.15,790.20
2014,CA,912.49,3265.97,777.57
2014,WA,780.18,3014.89,767.55
2014,MI,898.79,6656.58,756.21
2014,PA,969.59,6154.99,755.64
2014,OH,890.55,5405.55,748.70
2014,CO,962.77,4213.20,735.81
2014,SD,936.04,3815.99,726.75
2014,WI,825.12,6799.97,692.63
2014,VA,897.92,2848.04,672.31
2014,IL,837.87,5938.08,627.93
2014,SC,1107.92,2095.49,621.15
2014,NC,894.84,3000.54,605.32
2014,MD,1002.71,2783.63,573.11
2014,MT,729.05,4511.25,540.51
2014,NH,561.35,2532.87,526.80
2014,NE,648.78,2477.66,507.97
2014,ME,496.28,3008.72,473.32
2014,NY,688.64,3989.37,468.77
2014,ND,648.92,2789.80,431.77
2014,IA,494.53,3464.99,431.21
2014,MN,541.66,3853.99,398.18
2014,AR,456.65,1429.74,368.29
2014,KS,441.06,3386.61,351.30
2014,ID,377.41,2186.38,333.82
2014,NJ,692.34,2845.78,326.62
2014,MA,509.19,2092.26,319.16
2014,AK,234.14,551.83,219.45
2014,RI,294.23,1514.03,210.14
2014,HI,231.73,299.00,185.37
2014,DC,475.46,938.24,31.57
2015,MS,1997.67,3307.66,1964.26
2015,LA,2052.47,2802.69,1798.88
2015,NM,1502.69,5936.05,1643.20
2015,KY,1764.95,7657.81,1619.74
2015,UT,1958.13,11913.12,1613.79
2015,OK,1790.00,7184.53,1589.31
2015,TX,2030.02,6700.59,1465.93
2015,NV,1668.56,5650.55,1319.73
2015,TN,1470.42,4284.62,1308.47
2015,FL,1635.06,4082.15,1279.55
2015,GA,1819.47,3651.12,1272.28
2015,AZ,1379.49,3563.47,1249.55
2015,MO,1355.05,10671.61,1201.80
2015,IN,1106.99,5706.79,1057.04
2015,AL,1352.93,2968.52,989.66
2015,WY,1005.28,4841.62,878.03
2015,SD,994.94,4127.79,778.01
2015,WA,789.23,2738.03,773.88
2015,OH,921.78,5417.90,773.22
2015,PA,977.02,6073.65,769.73
2015,MI,896.11,6368.58,748.51
2015,CA,865.56,2991.81,723.41
2015,CO,945.20,4137.09,708.44
2015,WI,831.01,7092.38,688.97
2015,NC,896.00,2992.38,636.36
2015,VA,902.78,2658.13,633.35
2015,SC,1084.72,2075.45,623.46
2015,MD,982.95,2695.65,565.69
2015,MT,735.51,3126.68,554.95
2015,HI,629.40,895.31,517.90
2015,NE,652.07,2443.92,512.01
2015,NH,542.62,2438.58,509.00
2015,NY,693.79,3975.56,475.19
2015,IA,509.14,3388.15,463.11
2015,ND,669.86,3427.92,451.85
2015,ME,488.95,3685.88,442.49
2015,MN,544.37,3660.58,384.34
2015,AR,443.48,1397.23,372.69
2015,WV,423.57,4068.39,370.85
2015,KS,441.67,2997.17,354.74
2015,NJ,678.79,2790.65,330.96
2015,ID,379.00,1772.29,330.82
2015,MA,483.34,1839.93,308.61
2015,OR,298.30,1686.35,283.53
2015,AK,242.91,523.59,224.14
2015,RI,280.27,1517.21,191.61
2015,IL,275.55,2560.41,168.27
2015,DC,368.77,757.16,24.88
2016,LA,1981.73,3009.30,1968.98
2016,MS,1961.04,3243.86,1843.13
2016,KY,1881.96,7751.50,1739.72
2016,NM,1538.87,5695.71,1702.75
2016,UT,1969.78,12818.42,1619.29
2016,TX,2020.85,6648.10,1517.33
2016,OK,1731.49,6241.48,1508.06
2016,NV,1682.10,5476.51,1310.95
2016,TN,1485.40,4254.07,1310.63
2016,GA,1854.40,3803.14,1291.05
2016,FL,1592.19,3966.91,1254.95
2016,AZ,1371.91,3277.80,1247.15
2016,MO,1392.49,10423.34,1245.80
2016,IN,1081.93,5544.50,1035.14
2016,AL,1306.04,2819.42,983.84
2016,WY,990.83,4828.09,907.67
2016,SD,998.25,4320.09,820.87
2016,WA,776.28,2789.78,802.88
2016,PA,986.20,5951.61,770.89
2016,OH,907.15,4610.18,765.46
2016,CA,868.92,2985.91,737.26
2016,MI,885.45,5924.33,733.29
2016,CO,941.62,4019.53,717.53
2016,WI,851.18,6537.56,706.57
2016,VA,898.46,2364.04,683.45
2016,SC,1074.08,1959.76,646.35
2016,NC,892.69,3073.06,635.58
2016,MT,746.51,2685.86,586.00
2016,NH,569.61,2621.70,536.72
2016,NE,657.24,2334.40,510.29
2016,NY,700.53,3884.88,477.57
2016,IA,525.02,3642.25,474.05
2016,ME,496.28,3854.70,456.79
2016,ND,665.56,4560.05,441.18
2016,MN,553.33,3266.21,400.52
2016,WV,444.33,2968.02,384.00
2016,AR,448.77,1378.06,375.75
2016,KS,448.12,2794.54,361.32
2016,ID,380.89,1932.48,349.28
2016,MA,475.74,1749.94,306.75
2016,NJ,661.02,2663.08,306.55
2016,OR,296.74,1722.52,294.59
2016,AK,243.37,419.57,233.58
2016,MD,370.01,798.67,224.66
2016,RI,266.96,1351.40,186.60
2016,IL,278.72,2547.19,171.36
2016,DC,372.54,766.28,29.32
