,year,state,tot_imprisoned,tot_black_imprisoned,tot_white_imprisoned
0,1990,AK,129.83499999999998,0.0,136.0425
1,1990,AL,697.3007462686569,1853.2545757575756,378.1910134128167
2,1990,AR,155.90373333333326,416.0832835820896,109.04027777777776
3,1990,AZ,284.7713333333333,1436.3993333333335,251.24533333333335
4,1990,CA,808.3202725563913,1442.0008928571424,279.47321428571433
5,1990,CO,491.50198244552064,4181.135299043062,393.81575095785445
6,1990,CT,0.0,0.0,0.0
7,1990,DC,390.12,596.59,47.16
8,1990,DE,0.0,0.0,0.0
9,1990,FL,973.0188805970149,1639.3437313432837,244.44880597014935
10,1990,GA,948.4494475667121,2828.867358837287,473.1648936553712
11,1990,HI,60.91799999999999,162.88,103.635
12,1990,IA,219.58007096392663,6689.969841269842,200.32471653346653
13,1990,ID,195.2678571428571,13222.1725,143.00526315789472
14,1990,IL,364.58499849985003,9456.636666666669,285.6185714285714
15,1990,IN,177.67010869565215,11385.30395348837,167.18351648351646
16,1990,KS,157.35111111111118,11776.8684,123.6631578947368
17,1990,KY,517.036603688709,4618.806386554622,452.39090519877686
18,1990,LA,446.88500000000016,1064.7342857142855,209.85730158730155
19,1990,MA,161.3592857142857,962.8121428571428,110.55071428571429
20,1990,MD,771.4375,2882.7050724637675,409.75416666666666
21,1990,ME,99.053125,318.98125,93.889375
22,1990,MI,538.5818749999999,15675.26812987013,438.0191244725739
23,1990,MN,218.5975,4894.753984674331,187.06439469320065
24,1990,MO,613.7936601515755,11277.656315789478,532.9539102564102
25,1990,MS,612.1547154471543,489.93474358974373,96.42974358974355
26,1990,MT,129.83367346938772,1686.1757692307694,92.30387755102039
27,1990,NC,660.362111111111,458.8569387755101,78.17744897959186
28,1990,ND,161.63903076923077,1866.032,108.83380608974359
29,1990,NE,404.2989873417722,5632.799487179487,422.6308911777879
30,1990,NH,302.201,1522.7179999999998,279.642
31,1990,NJ,679.2490476190477,3699.9113333333335,240.93085714285712
32,1990,NM,317.1128125,1974.8266666666666,159.05870967741933
33,1990,NV,973.6333088235294,3224.700769230769,292.1566666666667
34,1990,NY,338.53655172413795,1474.553333333333,103.6477192982456
35,1990,OH,359.43311912225715,3090.459069767441,88.36023255813954
36,1990,OK,559.798961038961,3215.5636103896104,453.9447224224946
37,1990,OR,473.6248571428572,3209.4666666666662,436.22499999999997
38,1990,PA,369.04060606060614,4784.836783216783,281.25213976499685
39,1990,RI,0.0,0.0,0.0
40,1990,SC,979.185,1962.6484782608695,474.7952173913043
41,1990,SD,395.17858709960507,4081.4375,141.8218604651163
42,1990,TN,602.9032631578949,4587.746948933418,462.8753684210528
43,1990,TX,886.6203522153133,6546.679738415543,548.7738887622522
44,1990,UT,478.60367816091957,27051.213881578944,423.19634074074065
45,1990,VA,639.7762316142245,2530.4858569321536,333.78967213114754
46,1990,VT,0.0,0.0,0.0
47,1990,WA,478.4083468286101,3606.335285714286,387.2737426900585
48,1990,WI,315.19309663536774,12324.689999999999,286.6712434607647
49,1990,WV,288.9044631217839,16541.290884353744,210.8668981481481
50,1990,WY,197.5391304347826,1778.655294117647,170.65954545454545
51,1991,AK,137.8275,257.0925,133.0275
52,1991,AL,737.7276119402986,2016.9996689976692,389.2162344759066
53,1991,AR,165.8536,475.7705797101449,112.47319444444443
54,1991,AZ,285.60866666666664,1424.6033333333332,232.35399999999998
55,1991,CA,810.2250030248033,3434.5088121118,598.4639912280704
56,1991,CO,503.81475786924943,4398.747608225109,396.10303065134093
57,1991,CT,0.0,0.0,0.0
58,1991,DC,557.23,850.7,79.03
59,1991,DE,0.0,0.0,0.0
60,1991,FL,1043.3682089552237,4665.130762098597,548.1874626865673
61,1991,GA,976.0318879313929,2855.4085554171847,503.1054061240935
62,1991,HI,60.288,141.06,94.19
63,1991,IA,238.3087585458492,8471.321991025034,218.20097706641184
64,1991,ID,200.0307142857143,14507.472,161.03184210526314
65,1991,IL,383.23868080808086,6280.492392874339,293.5575026299181
66,1991,IN,197.9638043478261,12194.191011235955,182.62406593406598
67,1991,KS,169.99636363636367,11069.103333333334,131.07210526315788
68,1991,KY,557.1730521817365,5597.812197705207,459.8936749672346
69,1991,LA,1152.6453124999998,2754.278216765874,499.1971552579364
70,1991,MA,179.27999999999997,1543.047142857143,120.26357142857141
71,1991,MD,816.2862500000001,3115.9818115942026,409.12958333333324
72,1991,ME,101.30499999999999,358.429375,90.88125
73,1991,MI,570.7863388554215,7820.965525641024,469.48868305744884
74,1991,MN,224.7657763157895,5535.68446153846,96.8152777777778
75,1991,MO,618.9477447147988,8757.021612244898,526.2509214046822
76,1991,MS,663.3123441734418,1483.655846153846,284.76256410256417
77,1991,MT,138.92489795918368,2142.0207692307695,93.71326530612245
78,1991,NC,674.3202333333336,25289.697812030077,343.1454551020407
79,1991,ND,170.25963589743588,1651.1031578947368,99.5080901856764
80,1991,NE,474.8489197353281,5311.060904977377,505.8795736339133
81,1991,NH,332.55600000000004,2060.771,303.8591111111111
82,1991,NJ,716.7942857142856,3866.6133333333337,249.11714285714285
83,1991,NM,336.49000000000007,1585.2318518518518,161.12645161290325
84,1991,NV,1027.7879779411765,3220.5269230769236,287.242
85,1991,NY,363.85034482758624,1240.5810526315786,105.74473684210523
86,1991,OH,393.9983751306166,2807.981511627907,92.80127906976746
87,1991,OK,573.6776536796538,2865.0712900128037,462.62877131208324
88,1991,OR,491.30257142857147,3335.7067619047616,445.7357754010694
89,1991,PA,386.00454545454534,5076.722702020203,280.4002164502165
90,1991,RI,0.0,0.0,0.0
91,1991,SC,982.8391304347826,1994.6230579710145,471.70369565217396
92,1991,SD,428.1351793456839,7333.412666666666,339.4000726744186
93,1991,TN,604.2071578947368,1127.3188297872339,211.50684210526325
94,1991,TX,911.7926961070085,8691.228402731598,555.6791245849078
95,1991,UT,504.7072669220945,31228.09294736843,454.650413105413
96,1991,VA,683.9307245752278,2701.8536710448643,351.2714334266294
97,1991,VT,0.0,0.0,0.0
98,1991,WA,493.7545681511471,4153.534607142858,391.34218623481786
99,1991,WI,329.24957746478873,7059.015000000001,278.76208488612826
100,1991,WV,313.2472626262626,16670.272808349146,229.79135145784085
101,1991,WY,197.9073913043478,2361.116470588235,157.60454545454547
102,1992,AK,150.37750000000003,0.0,130.73
103,1992,AL,768.6676119402982,2172.2782054924246,388.5873362658847
104,1992,AR,176.09493333333333,526.4415942028985,118.61250000000001
105,1992,AZ,290.9053333333333,1423.2126666666663,208.07533333333333
106,1992,CA,822.5187719298244,3624.9682738095244,618.2580491913747
107,1992,CO,519.675511396844,5421.445055555556,395.836400862069
108,1992,CT,0.0,0.0,0.0
109,1992,DC,403.15,599.55,49.35
110,1992,DE,0.0,0.0,0.0
111,1992,FL,1104.6176119402985,1622.585671641791,247.95313432835817
112,1992,GA,1030.3747848070045,3160.4899617712654,508.4431957901769
113,1992,HI,76.286,177.52666666666667,86.02333333333333
114,1992,IA,248.3877947900052,11134.829994731295,229.85527472527474
115,1992,ID,216.63785714285717,16619.3764,176.16368421052633
116,1992,IL,391.7952495543673,7664.923108929408,294.23775918367346
117,1992,IN,213.77228260869572,11778.469775280897,197.95362637362632
118,1992,KS,179.05747474747477,11990.02039473684,133.98684210526318
119,1992,KY,584.8916939407343,6694.403291811685,466.657872433377
120,1992,LA,1215.1639062499994,3030.111919642857,513.5444742063489
121,1992,MA,195.11642857142857,1339.5571428571427,128.81428571428572
122,1992,MD,881.7562500000001,3486.3029528985517,416.6583333333333
123,1992,ME,101.52562499999999,376.13687500000003,93.79687499999999
124,1992,MI,626.7751676829267,8411.829199499687,497.3635077896787
125,1992,MN,227.68227702702703,6003.414218749999,93.8654166666667
126,1992,MO,625.6078803350619,9641.521119402987,523.9916939799331
127,1992,MS,687.5747244805781,1536.1137403846158,273.1497329059829
128,1992,MT,146.98775510204084,2648.5315384615387,93.12367346938774
129,1992,NC,684.8622727272727,562.9025510204082,83.45755102040818
130,1992,ND,178.5700218221495,1822.8587218045116,102.90914027149321
131,1992,NE,522.494357631311,5643.109245852188,553.3594967532467
132,1992,NH,355.601,1769.1819999999998,335.70900000000006
133,1992,NJ,706.4266666666666,3848.0738095238094,239.8829761904762
134,1992,NM,373.1778125000001,1694.0374074074073,159.16806451612905
135,1992,NV,1105.2573529411766,2497.42,255.65533333333332
136,1992,NY,391.26500000000004,3387.788632376395,237.76753781004234
137,1992,OH,436.9967411180774,2996.0356976744183,95.7256976744186
138,1992,OK,565.5157142857142,2908.8636369327073,450.25200518902886
139,1992,OR,478.21371428571433,3686.948476190476,434.246213235294
140,1992,PA,405.6898484848485,5269.988156565656,294.1851585623679
141,1992,RI,0.0,0.0,0.0
142,1992,SC,998.9613043478262,2059.5765217391304,459.2026570048308
143,1992,SD,463.82797286821705,8409.917357859531,376.87373643410854
144,1992,TN,612.1985263157896,1889.9523404255328,213.04726315789463
145,1992,TX,991.4367407788202,10895.02334361233,594.3909299014646
146,1992,UT,490.0901404853129,36314.128333333334,444.6000444444444
147,1992,VA,736.5830620907105,2849.83499492533,374.00600601216104
148,1992,VT,0.0,0.0,0.0
149,1992,WA,509.91876518218623,4093.801482142857,399.05000000000007
150,1992,WI,354.89338028169016,10371.275805455482,289.6450100603622
151,1992,WV,346.7809639794168,18678.02932307692,248.02221132897603
152,1992,WY,190.33347826086955,2153.640588235294,153.14000000000001
153,1993,AK,170.055,153.715,135.0325
154,1993,AL,802.6628358208958,2272.9761450559695,393.8322318097015
155,1993,AR,182.238,567.3567605633804,122.8297297297297
156,1993,AZ,302.40999999999997,1507.2466666666664,224.88200000000003
157,1993,CA,859.638947368421,3880.949583333333,647.8248354341736
158,1993,CO,526.851129943503,4259.257564935066,400.3163389581805
159,1993,CT,0.0,0.0,0.0
160,1993,DC,404.72,651.87,4.87
161,1993,DE,0.0,0.0,0.0
162,1993,FL,1135.4638805970148,1583.1285074626862,250.45223880597018
163,1993,GA,1096.9791399166868,3405.7342840579718,536.0753624999998
164,1993,HI,87.56,128.655,68.214
165,1993,IA,269.9845156786941,12146.06688215103,244.54166049953756
166,1993,ID,233.07571428571424,17743.49037037037,179.882
167,1993,IL,415.03929292929297,7405.8970199692785,309.5095104102247
168,1993,IN,235.8423913043477,14213.240561797755,213.6646153846154
169,1993,KS,187.35555555555553,16084.249736842105,145.97680412371133
170,1993,KY,598.2958167477516,7364.954491239892,486.80059168443495
171,1993,LA,1299.0834375,3256.7962500000003,533.0259375000003
172,1993,MA,215.70499999999998,1872.9071428571426,141.15785714285713
173,1993,MD,922.01125,3571.3546920289855,424.2108333333334
174,1993,ME,336.1252083333333,1512.36375,320.73725
175,1993,MI,653.4532776272206,9618.335971518987,521.8974551886793
176,1993,MN,234.73792254733223,7090.484089026915,172.64307476307474
177,1993,MO,618.00518972332,10124.737518037517,505.61585093167696
178,1993,MS,704.8895904847936,1552.820375,274.64878676470573
179,1993,MT,149.01920000000007,2857.623461538461,91.01265306122448
180,1993,NC,692.0411,617.193939393939,81.46686868686868
181,1993,ND,177.53529187124929,1648.6030075187969,119.26511052166224
182,1993,NE,501.6052154743279,4755.679539473684,468.08510820743146
183,1993,NH,361.538,2245.0020000000004,345.126
184,1993,NJ,724.9185714285713,3870.5061904761906,239.91807142857144
185,1993,NM,406.07968750000003,1647.2714814814815,160.6841935483871
186,1993,NV,1208.369411764706,2258.7413333333334,261.4647058823529
187,1993,NY,400.15896551724137,3505.6635912531538,245.85172413793103
188,1993,OH,471.1508842737722,3391.4280232558144,99.7468604651163
189,1993,OK,641.2598581681477,1088.3056944444447,155.73831168831168
190,1993,OR,462.23657142857144,3342.2104377880178,419.9443125
191,1993,PA,419.9014360018092,5475.3577591706535,303.0215454545455
192,1993,RI,0.0,0.0,0.0
193,1993,SC,1022.6791304347826,2157.4019565217386,443.8742657004832
194,1993,SD,467.8982043461684,8767.675942028984,402.6868881506091
195,1993,TN,610.8427368421053,2352.9635753931543,469.0782396416573
196,1993,TX,1049.4281164516135,10346.091548319122,628.0375331500949
197,1993,UT,490.22888888888883,42628.27611111112,436.2888888888889
198,1993,VA,779.7152401164201,2994.02818460442,382.8140322580646
199,1993,VT,0.0,0.0,0.0
200,1993,WA,509.6744767844768,3714.430770186336,405.12360742705573
201,1993,WI,374.63524256651027,9261.054116883119,303.4476097763049
202,1993,WV,366.519239057239,23893.56638986629,262.30766439909297
203,1993,WY,193.31869565217394,2486.0044444444447,158.05391304347827
204,1994,AK,147.2225,133.3325,117.0275
205,1994,AL,838.2771641791047,2429.247940298507,426.7446537802789
206,1994,AR,192.81613333333328,693.1856338028172,127.88554054054055
207,1994,AZ,318.7879999999999,1240.0986666666665,250.4
208,1994,CA,894.2882456140351,3972.0547077922074,701.1150214285714
209,1994,CO,564.9790358432897,6495.528227272727,436.23948965517235
210,1994,CT,0.0,0.0,0.0
211,1994,DC,411.48,658.67,58.67
212,1994,DE,0.0,0.0,0.0
213,1994,FL,1178.6440298507462,1643.8676119402978,272.57731343283587
214,1994,GA,1241.7326540911727,3647.9176495787524,602.1879858923435
215,1994,HI,114.53200000000001,177.23333333333335,85.294
216,1994,IA,284.8731101190476,15141.554020807835,254.72917553191496
217,1994,ID,240.11928571428564,17142.291785714286,198.21799999999996
218,1994,IL,430.59844028520496,8361.269983805665,322.3622222222223
219,1994,IN,251.88173913043477,15789.159101123598,228.62736263736267
220,1994,KS,211.52696969696964,23793.130519480517,158.2584536082474
221,1994,KY,637.5638537020518,8739.429143686502,508.65426889233953
222,1994,LA,1420.9826562500002,3627.608226686507,603.9549999999998
223,1994,MA,236.6514285714286,2097.0971428571434,142.15857142857146
224,1994,MD,948.6554166666666,3656.2023188405797,429.18375
225,1994,ME,353.42720833333334,1960.5816964285716,339.05316666666664
226,1994,MI,683.7541915085815,9427.551881071535,556.5305000000001
227,1994,MN,254.50717586649552,8610.153981244672,184.4291447368421
228,1994,MO,638.3179011857707,10271.70085772984,524.0061656314699
229,1994,MS,804.6627777777778,1764.6043611111113,318.0363356164384
230,1994,MT,154.28119999999998,3280.5040000000004,102.95244897959184
231,1994,NC,724.0900545454543,701.5716161616165,97.89989898989893
232,1994,ND,207.365597381342,2274.640902255639,137.1371225071225
233,1994,NE,491.5038959212376,3541.5165000000006,421.3885673187573
234,1994,NH,399.61699999999996,1227.3700000000001,381.837
235,1994,NJ,739.7985714285713,3997.255714285714,248.67142857142858
236,1994,NM,385.1870967741936,2100.8111111111107,163.63193548387096
237,1994,NV,1327.1817647058824,5245.535523809525,1316.4560294117648
238,1994,NY,427.4810344827587,4008.4238697318015,272.0882043734231
239,1994,OH,494.1644683908047,3801.1233720930236,102.85325581395344
240,1994,OK,720.0370129870132,2627.895833333333,170.35714285714286
241,1994,OR,492.29501680672263,2858.3693333333335,458.70941176470586
242,1994,PA,444.8715558570782,5838.960075757575,322.5126638477801
243,1994,RI,0.0,0.0,0.0
244,1994,SC,1036.9930434782611,2206.3804347826085,443.2673333333334
245,1994,SD,491.0981090354556,8523.054083333334,425.87383720930234
246,1994,TN,683.284444568869,2611.861528751754,526.9312765957447
247,1994,TX,1127.00998601626,10294.531565456213,682.8615996566853
248,1994,UT,530.4505820105819,60030.212631578965,455.8369800569801
249,1994,VA,838.6537842590346,3239.577837761447,400.6258117398203
250,1994,VT,0.0,0.0,0.0
251,1994,WA,520.9250539811067,4083.833642857143,412.3637454212454
252,1994,WI,416.03839397496074,11985.914159663862,342.8925078831195
253,1994,WV,371.3616363636365,15911.607518207287,258.7309586056645
254,1994,WY,223.10913043478263,3213.242777777778,172.29913043478257
255,1995,AK,131.1675,128.0125,104.045
256,1995,AL,893.9326865671642,2553.981519674356,451.1091826581379
257,1995,AR,207.40826666666666,864.392816901409,138.7809459459459
258,1995,AZ,344.2946666666667,1471.7026666666668,246.48933333333332
259,1995,CA,965.0178947368422,4407.3837012987005,786.6324038461537
260,1995,CO,588.9999388719089,6211.532606951872,441.7380858550316
261,1995,CT,0.0,0.0,0.0
262,1995,DC,415.91,685.95,28.7
263,1995,DE,0.0,0.0,0.0
264,1995,FL,1236.745671641791,4918.807014925374,719.1643283582089
265,1995,GA,1291.9085670242935,3667.912391414461,632.6833187611602
266,1995,HI,155.238,388.89000000000004,114.49000000000001
267,1995,IA,302.3749213435375,18815.199342105258,84.20936170212767
268,1995,ID,254.4833333333334,15279.732142857143,215.28675000000004
269,1995,IL,447.0162210338682,8736.561061403505,332.15616161616157
270,1995,IN,272.6453260869564,17353.69449438202,242.80956043956039
271,1995,KS,233.72656565656573,25448.454805194808,174.5692783505155
272,1995,KY,705.9669534129445,10749.285069310741,575.470364010989
273,1995,LA,1516.8281250000005,3826.5071875000003,634.3175
274,1995,MA,266.10071428571433,2082.897857142857,157.3114285714286
275,1995,MD,986.6008333333333,3784.676920289855,456.59791666666666
276,1995,ME,352.5920416666667,2337.0332499999995,338.7445833333333
277,1995,MI,712.4896236073471,9669.568630098453,565.2333508064517
278,1995,MN,267.8517039295393,7467.08979710145,184.2527226720648
279,1995,MO,687.2426640316205,12548.231407462685,563.4831428571429
280,1995,MS,893.207804878049,1962.138375,328.72379588607583
281,1995,MT,159.45620000000008,3728.8968000000004,115.80183673469386
282,1995,NC,756.279388888889,788.3957575757573,117.99474747474747
283,1995,ND,229.42534275248556,4644.625214285714,174.74464285714288
284,1995,NE,570.196275668073,6993.937972222223,500.1268065099458
285,1995,NH,401.32399999999996,2204.2295714285715,384.80999999999995
286,1995,NJ,782.2119047619047,4177.093333333333,262.20428571428573
287,1995,NM,430.2341935483871,2975.0366666666664,196.01193548387093
288,1995,NV,1337.5494117647058,7302.849,1286.339375
289,1995,NY,460.1872413793103,4109.380054446461,287.99355761143823
290,1995,OH,528.9931935736677,4201.5723255813955,112.43755813953486
291,1995,OK,800.849090909091,3603.6558333333337,196.19389610389607
292,1995,OR,516.2769607843138,3380.1499999999996,483.2988235294117
293,1995,PA,490.25649479873357,6168.118554778555,354.1368367346938
294,1995,RI,0.0,0.0,0.0
295,1995,SC,1092.7028260869567,2351.2289130434783,458.2135265700484
296,1995,SD,499.43897826915736,8400.341666666665,397.21735348837205
297,1995,TN,739.2679742441211,3088.0093456221202,550.4569596864503
298,1995,TX,1146.167114630907,10461.654289477729,663.3938902827186
299,1995,UT,606.0827248677247,125069.5843859649,529.3710113960115
300,1995,VA,897.8978225806452,3485.63209622238,411.0441129032258
301,1995,VT,0.0,0.0,0.0
302,1995,WA,548.8876923076923,4675.9685714285715,458.9858974358975
303,1995,WI,446.3167566510173,14629.179798971481,373.8310328638497
304,1995,WV,419.468,23487.9217948718,294.0503846153847
305,1995,WY,251.03782608695653,3901.1983333333337,203.14434782608703
306,1996,AK,115.56,115.82,92.155
307,1996,AL,932.9753731343285,2687.5426865671634,470.7360914179105
308,1996,AR,222.41039999999998,987.1666666666669,150.53459459459455
309,1996,AZ,355.87333333333333,1481.2506666666666,241.58133333333328
310,1996,CA,1011.9435087719298,4280.349204545454,814.9386224489797
311,1996,CO,619.301369824951,6495.403409090908,474.6441091954023
312,1996,CT,0.0,0.0,0.0
313,1996,DC,419.9,628.68,104.74
314,1996,DE,0.0,0.0,0.0
315,1996,FL,1222.010447761194,4864.456652084406,727.9804348944931
316,1996,GA,1299.7250585768898,3632.8740204538203,646.6244722391701
317,1996,HI,212.21599999999998,639.535,152.354
318,1996,IA,323.9477083333332,15258.40907894737,88.88989361702127
319,1996,ID,268.1383333333333,12540.4225,231.539
320,1996,IL,459.7366280451574,9320.16687770898,340.1567676767678
321,1996,IN,281.7044565217392,17221.756516853933,252.0775824175824
322,1996,KS,254.4715151515151,27048.81519480519,186.16670103092775
323,1996,KY,754.2374868421053,11494.961600145138,597.8660728021978
324,1996,LA,1628.8389062500005,3940.28796875,695.1698958333334
325,1996,MA,277.87999999999994,2035.322142857143,157.73785714285714
326,1996,MD,1001.7833333333333,3680.827065217391,460.06416666666667
327,1996,ME,345.3620000000001,2412.1408035714285,328.7740416666667
328,1996,MI,745.9417961457391,10297.3271445393,589.9168333333334
329,1996,MN,285.07804565353354,6834.399705882353,198.5688345864662
330,1996,MO,805.3412806324113,12439.309566666663,658.6158822055138
331,1996,MS,1003.6563279132789,2189.037814873418,372.02717905405405
332,1996,MT,167.9544,4629.465200000001,128.46204081632652
333,1996,NC,793.4385464646464,882.5989898989893,133.03313131313138
334,1996,ND,243.86844615384615,6488.528785714287,172.5148717948718
335,1996,NE,597.9584655414908,4747.374730769231,484.5936783320925
336,1996,NH,416.36400000000003,2213.593,403.265
337,1996,NJ,793.4266666666665,4107.028095238095,247.34621553884713
338,1996,NM,453.98032258064524,2706.071851851852,203.0
339,1996,NV,1449.4405882352942,8569.74638095238,1304.1282352941175
340,1996,NY,470.58068965517236,4243.923802177859,307.86789318755257
341,1996,OH,557.3769096133752,3750.406395348838,116.92081395348838
342,1996,OK,875.8280519480517,5801.759027777777,203.4433766233766
343,1996,OR,570.9604369747899,3762.5258095238096,526.6362683823529
344,1996,PA,527.7087200361829,6158.043181818181,373.6562060606061
345,1996,RI,0.0,0.0,0.0
346,1996,SC,1126.8284782608698,2444.21618357488,459.4484833164814
347,1996,SD,515.6792832634387,8489.981458333334,416.35443344878774
348,1996,TN,754.8282799552072,3031.7628472529086,573.3777446808508
349,1996,TX,1189.1346409756097,5046.910398230086,231.0588979591837
350,1996,UT,678.9233068783069,111427.97774436089,594.9833925925925
351,1996,VA,905.0415298142716,3463.6715029618413,420.85526241679474
352,1996,VT,0.0,0.0,0.0
353,1996,WA,594.954358974359,4427.4385357142855,492.5526153846153
354,1996,WI,495.30090962441307,14120.92535211268,416.78248009797915
355,1996,WV,443.64781818181825,24138.94811051694,311.0726624737946
356,1996,WY,271.10739130434786,4464.168888888888,226.7213043478261
357,1997,AK,99.02250000000001,98.2575,78.935
358,1997,AL,972.2116417910447,2758.935495251018,499.0755970149254
359,1997,AR,235.2072,1133.1494366197182,160.27527027027037
360,1997,AZ,361.748,1519.853333333333,256.02000000000004
361,1997,CA,1055.7249122807016,4650.4035674603165,857.7192587601079
362,1997,CO,657.7192154182612,6408.7688636363655,502.07459093982413
363,1997,CT,0.0,0.0,0.0
364,1997,DC,407.52,681.33,50.94
365,1997,DE,0.0,0.0,0.0
366,1997,FL,1236.2410447761195,4829.778751243782,752.0538756218906
367,1997,GA,1347.710437660296,3926.2300459855824,677.6643346030595
368,1997,HI,301.082,688.3966666666666,227.344
369,1997,IA,341.67999999999995,17745.1475,97.65989361702128
370,1997,ID,279.48,11041.7,245.21099999999996
371,1997,IL,488.18943850267374,9799.767645510838,359.6388191919191
372,1997,IN,298.5579347826087,18632.96797752809,267.84703296703293
373,1997,KS,276.1456565656567,29503.629350649346,203.49515463917535
374,1997,KY,847.1551326846529,17564.27175087943,688.2320694716244
375,1997,LA,1759.5995312499995,4186.469375000001,783.8840625
376,1997,MA,280.72214285714284,2109.6721428571427,159.74928571428572
377,1997,MD,1038.8304166666667,3843.5145289855063,470.2387499999999
378,1997,ME,339.0862083333334,3948.1075,319.09374999999994
379,1997,MI,790.0322161999397,10196.975634383278,629.3061136363636
380,1997,MN,304.97951219512197,7982.471064676615,204.01808479532167
381,1997,MO,823.8553913043477,9450.5497,151.10219047619043
382,1997,MS,1050.2710749774164,2208.568,395.5111639610391
383,1997,MT,175.15039999999996,4720.2112,140.35795918367344
384,1997,NC,828.3774676767679,992.2357575757576,147.56595959595953
385,1997,ND,260.69616987179484,5384.029122807018,193.8524358974359
386,1997,NE,663.9757109214012,5898.722666666667,527.8630162748643
387,1997,NH,438.971,2763.3590000000004,413.981
388,1997,NJ,811.0157142857145,4124.957666666667,261.9489761904762
389,1997,NM,447.5777419354839,2841.8518518518513,218.94290322580642
390,1997,NV,1508.7170588235294,5026.372,1300.0023529411762
391,1997,NY,486.04051724137923,4519.0255498602055,311.68762630312744
392,1997,OH,577.1792855276907,3588.242674418604,127.83151162790696
393,1997,OK,957.1932467532466,5032.218732394367,232.77753246753247
394,1997,OR,588.1142941176472,14471.909333333331,528.9836809269162
395,1997,PA,547.5388353686116,6394.55275058275,385.300980012895
396,1997,RI,0.0,0.0,0.0
397,1997,SC,1154.0197826086953,2501.602140096619,474.8038357487922
398,1997,SD,533.6240457733481,10257.163602484472,442.97939922480623
399,1997,TN,794.7090671892498,3352.9152158562033,598.6717099664053
400,1997,TX,1247.7285226016265,4966.022168141596,239.31330612244906
401,1997,UT,752.4053571428572,103412.37210526317,349.7722222222223
402,1997,VA,938.4626783968716,3644.4839750654355,433.2637403993855
403,1997,VT,0.0,0.0,0.0
404,1997,WA,619.011282051282,5163.686,522.2658205128205
405,1997,WI,535.3721987480438,17503.745381019176,453.03204846727425
406,1997,WV,474.82709090909077,23095.417558275065,354.53829140461215
407,1997,WY,302.94695652173925,5198.698888888889,257.78434782608696
408,1998,AK,84.07000000000001,91.7875,67.6625
409,1998,AL,1014.4823880597014,2948.774839439168,523.8028216062545
410,1998,AR,244.0890666666666,1213.688904109589,173.30905405405403
411,1998,AZ,380.6546666666666,1720.0333333333333,270.96933333333334
412,1998,CA,1076.5942377495462,5117.555969387755,877.3457275132275
413,1998,CO,697.7392859127535,7966.203777777779,524.0944230769231
414,1998,CT,0.0,0.0,0.0
415,1998,DC,417.75,693.39,25.36
416,1998,DE,0.0,0.0,0.0
417,1998,FL,1264.0176119402984,4845.384318407961,767.9156393034825
418,1998,GA,1431.6176174620791,3984.019307331899,747.2490005441682
419,1998,HI,264.572,369.0466666666666,201.20600000000002
420,1998,IA,355.4518309707903,17076.702894736845,101.51787234042554
421,1998,ID,287.50428571428574,13495.890370370369,259.9142499999999
422,1998,IL,514.6885264408793,10653.526004576659,378.29008900890096
423,1998,IN,317.5084782608695,19676.812954545447,283.74164835164834
424,1998,KS,296.9784848484848,31032.200649350656,216.83731958762888
425,1998,KY,891.2225991449212,18712.638511530404,733.5256690777578
426,1998,LA,1906.88859375,4511.83375,833.48
427,1998,MA,280.04571428571427,1790.053571428571,164.24499999999995
428,1998,MD,1077.2858333333334,3833.1933333333336,477.07416666666666
429,1998,ME,347.01058333333333,1117.125,115.14187500000001
430,1998,MI,821.6126708822642,10315.446196356901,668.1044353448276
431,1998,MN,317.83545392953926,7733.052710084034,219.47702380952387
432,1998,MO,845.9377549407118,9471.3915,160.19295238095236
433,1998,MS,1083.3620310147548,2230.2312453703707,429.4720135135134
434,1998,MT,192.61920000000006,5951.3408,169.95081632653063
435,1998,NC,842.6448676767677,1020.9474747474748,163.15686868686876
436,1998,ND,282.0143231961837,3429.8100000000004,107.5474358974359
437,1998,NE,727.1855136885486,6411.255622593069,590.3309912640399
438,1998,NH,440.191,5235.085,414.587
439,1998,NJ,839.2528571428571,4281.289880952381,263.32744360902257
440,1998,NM,538.5383870967742,4461.781111111112,291.9493548387097
441,1998,NV,1450.3776470588234,978.0086666666667,350.4100000000001
442,1998,NY,506.2941379310344,4439.976642036125,323.3693103448275
443,1998,OH,582.7468717345873,4154.207906976743,132.19674418604654
444,1998,OK,1151.2850649350648,6638.40847222222,252.72974025974028
445,1998,OR,629.0745424836603,13605.159000000003,567.7517647058824
446,1998,PA,578.8236928991407,5833.078096179183,419.8601178451179
447,1998,RI,0.0,0.0,0.0
448,1998,SC,1177.4313043478264,2546.885217391304,498.99716885743186
449,1998,SD,601.8643565891472,8065.7298260869575,484.2103730620156
450,1998,TN,824.3460795072788,3602.419906498364,621.0924399450928
451,1998,TX,1293.728373821786,5894.071504424784,244.87477551020407
452,1998,UT,832.7203703703703,116112.88249999999,376.8088888888889
453,1998,VA,957.7961876832846,3664.4943645789535,430.89072580645166
454,1998,VT,0.0,0.0,0.0
455,1998,WA,659.5490148448044,5446.261904761905,568.7559230769232
456,1998,WI,590.0583079029734,18623.94634821429,495.41246478873234
457,1998,WV,511.86018181818207,17401.981359898797,386.49018518518517
458,1998,WY,334.97913043478263,6945.957777777778,275.1469565217392
459,1999,AK,199.03454545454542,36.318,57.858181818181826
460,1999,AL,1066.1192537313434,3078.079733152419,578.6189552238808
461,1999,AR,262.3227999999999,1433.6315492957742,181.38733333333343
462,1999,AZ,999.8233333333336,4593.620666666666,811.9275714285716
463,1999,CA,1065.3431578947368,4516.319494047619,844.1597267206478
464,1999,CO,763.8449166666666,7939.235683229814,588.1038484848485
465,1999,CT,0.0,0.0,0.0
466,1999,DC,412.91,680.58,43.58
467,1999,DE,0.0,0.0,0.0
468,1999,FL,1341.0876119402988,4975.603733790069,825.4754122828483
469,1999,GA,1469.5516785101695,4280.808225867271,763.1272797732661
470,1999,HI,139.238,287.03,104.63
471,1999,IA,368.9703146258503,14142.102820512819,106.91874999999999
472,1999,ID,298.4885714285714,14325.317586206897,275.1734146341464
473,1999,IL,534.9629352346998,11171.86444360902,400.5685040404039
474,1999,IN,338.12597826086954,19959.605393258422,303.6569565217392
475,1999,KS,316.3253,26045.479873417724,219.28727272727278
476,1999,KY,923.8789252543123,15056.209140835575,804.5163820939334
477,1999,LA,2031.1604687500003,4786.69203125,904.6875
478,1999,MA,293.86928571428564,1745.8092857142858,164.71571428571428
479,1999,MD,1097.58625,3972.7865151515143,489.8768560606061
480,1999,ME,352.24008333333336,932.1087499999999,122.476875
481,1999,MI,838.0929177958444,12805.086582317072,689.290544532628
482,1999,MN,331.97170743034053,6325.741071428571,222.03077616279072
483,1999,MO,865.0911422924896,14938.612237997384,760.48793756702
484,1999,MS,1320.2348133092437,2551.9887978395063,575.9108839506173
485,1999,MT,240.87020408163275,6206.828076923077,253.10591836734687
486,1999,NC,870.9232969696973,4077.054522366523,446.3173958765739
487,1999,ND,287.4983864915572,2906.777368421053,90.52179487179487
488,1999,NE,869.8488487854944,11595.670054200544,749.3424942462601
489,1999,NH,441.03599999999994,4893.751333333333,418.78200000000004
490,1999,NJ,853.7261904761905,4378.628095238096,292.5571428571428
491,1999,NM,566.0187096774193,7157.237777777777,224.5025806451613
492,1999,NV,1359.3523529411766,882.9306666666669,332.0535294117647
493,1999,NY,546.5174137931035,4720.50838475499,356.5152696728559
494,1999,OH,620.1257575757576,4133.154942528735,142.9119540229885
495,1999,OK,1114.7699999999998,9341.844305555554,265.64311688311676
496,1999,OR,650.6775238095238,6177.68564516129,583.8388968253969
497,1999,PA,610.9623292627772,6140.969696969696,438.7360121212122
498,1999,RI,0.0,0.0,0.0
499,1999,SC,1158.7102173913045,2576.0721630434778,500.12601086956533
500,1999,SD,656.4108859784285,11817.885833333334,556.7835147991543
501,1999,TN,858.9230526315791,3720.8440281771127,637.934947368421
502,1999,TX,1375.9113546558708,5827.351592920353,251.577894736842
503,1999,UT,1202.655343915344,132554.475,699.4392857142857
504,1999,VA,1010.7729740957963,4090.281390777023,496.98487583205326
505,1999,VT,0.0,0.0,0.0
506,1999,WA,672.2720512820512,4626.536974789916,588.5952026468156
507,1999,WI,663.1508651911467,23350.552190476195,551.2157718309859
508,1999,WV,534.8236363636365,17670.126143790858,371.63761705101325
509,1999,WY,365.6408695652174,10627.235555555555,288.86434782608706
510,2000,AK,199.26166666666668,33.25333333333334,72.28083333333333
511,2000,AL,1124.9746268656713,3155.8002691089996,625.4812414119876
512,2000,AR,270.20120000000003,1168.6514864864864,189.66716216216216
513,2000,AZ,1005.1773333333333,4108.684242424242,844.6585238095238
514,2000,CA,1047.6146521476103,4564.3008875129,854.245409356725
515,2000,CO,788.7567203389831,5878.3744827586215,603.7535128205129
516,2000,CT,0.0,0.0,0.0
517,2000,DC,385.35,652.0,41.65
518,2000,DE,0.0,0.0,0.0
519,2000,FL,1360.626567164179,4995.3826713888175,847.6666304072857
520,2000,GA,1542.252020026481,5453.271013847081,819.3561631167593
521,2000,HI,306.96400000000006,674.69,231.584
522,2000,IA,380.9926893939393,6927.819895833331,109.07906249999998
523,2000,ID,314.3157142857143,2716.705853658537,279.8668292682927
524,2000,IL,592.1970747074706,8391.090265306124,425.7724282428241
525,2000,IN,356.0413043478261,6974.974782608692,317.9925
526,2000,KS,338.2066999999999,13367.445408163267,230.6127272727273
527,2000,KY,987.2299054621847,13630.036164525181,865.3658630630632
528,2000,LA,1318.4875,2440.42625,564.9584375
529,2000,MA,295.88357142857143,1710.9900000000002,171.4628571428571
530,2000,MD,1029.6641666666667,3591.865892857142,478.3145833333334
531,2000,ME,358.91025,875.3437500000001,129.78625
532,2000,MI,851.1352168021681,8248.6993224232,698.6056790123457
533,2000,MN,333.51537155621736,4428.698440789473,236.58153289473688
534,2000,MO,935.5226640316205,9282.571389252946,828.8449174311926
535,2000,MS,1225.080770852153,1197.083950617284,314.79135802469136
536,2000,MT,263.169387755102,5661.100465116279,254.17448979591828
537,2000,NC,726.0620424242425,3905.711131313132,381.8251183063512
538,2000,ND,336.50790789473683,3622.610303030303,112.71236842105263
539,2000,NE,945.5429680365296,7144.038109452737,843.1603734671124
540,2000,NH,419.707,3813.6540000000005,389.563
541,2000,NJ,824.8580952380954,1422.6009523809523,106.51666666666667
542,2000,NM,650.8600000000001,10523.806666666667,408.5796774193549
543,2000,NV,1311.6576470588238,5933.461874999999,1196.049411764706
544,2000,NY,562.3846551724138,4534.935060144346,359.8837969348659
545,2000,OH,644.5320031712473,3652.147011494253,151.66436781609198
546,2000,OK,1191.2973154477102,8085.698889473682,996.5753506493509
547,2000,OR,772.6777815126051,3597.5415808823527,715.9249142857144
548,2000,PA,626.8388851198553,5831.104329464861,435.3643226381462
549,2000,RI,0.0,0.0,0.0
550,2000,SC,1131.9754347826088,2469.5436147623864,493.9326440849344
551,2000,SD,667.4769576820433,4409.83746588694,588.0582912032356
552,2000,TN,897.066210526316,4151.115122807018,696.5950404271548
553,2000,TX,1512.573425669893,5283.638945147679,315.66061475409833
554,2000,UT,1317.3237169312167,37342.14326923077,1119.6894285714288
555,2000,VA,1248.9386499630637,6286.205064780539,664.7234677419356
556,2000,VT,0.0,0.0,0.0
557,2000,WA,679.0009216909218,3980.0971637426906,593.8152688172042
558,2000,WI,689.0796056338029,17753.804676056337,578.6270258761875
559,2000,WV,502.8903063973064,7855.127735849059,178.19592592592593
560,2000,WY,363.694347826087,7884.742727272728,301.78818181818184
561,2001,AK,197.22000000000003,34.50833333333333,97.81916666666667
562,2001,AL,1157.3326865671643,3169.81830167345,669.0938734896944
563,2001,AR,283.8453333333333,1140.1197297297297,199.18594594594595
564,2001,AZ,1058.8193333333331,4589.298303030303,916.4574285714285
565,2001,CA,1049.0510012099212,4640.986008771929,867.8381032770606
566,2001,CO,834.7391666666666,6842.647038539553,633.8250625000001
567,2001,CT,0.0,0.0,0.0
568,2001,DC,408.18,673.27,20.71
569,2001,DE,0.0,0.0,0.0
570,2001,FL,1382.9943283582093,5034.517710640346,858.2269330765528
571,2001,GA,1583.1471710526312,6553.225795338767,857.6257907527797
572,2001,HI,282.32599999999996,646.55,218.33200000000002
573,2001,IA,395.83130997474746,6922.802500000002,110.63427083333335
574,2001,ID,323.4197619047619,2869.179756097561,289.63463414634145
575,2001,IL,604.4830481283421,9218.820173329606,446.2471152703505
576,2001,IN,378.97576086956525,7211.058695652173,339.4709782608696
577,2001,KS,350.7055000000001,14688.81673469388,250.52868686868698
578,2001,KY,1058.2766904761907,14598.337086645472,952.6281381381381
579,2001,LA,1390.9314062499996,2540.3160937499997,523.9592187499999
580,2001,MA,290.3371428571429,1742.2271428571426,169.02857142857144
581,2001,MD,1021.31,3596.5491666666667,473.0304761904763
582,2001,ME,364.739375,1005.1168749999999,137.238125
583,2001,MI,858.8630224602116,7941.656672408844,730.493615520282
584,2001,MN,356.3620450254175,5052.939201086956,256.382625
585,2001,MO,1013.1371699604745,9963.940649048334,889.560374270225
586,2001,MS,1307.041719361638,1274.9938271604933,362.9281481481481
587,2001,MT,279.1036734693878,5660.642325581395,253.1708163265306
588,2001,NC,727.425001010101,3714.018346624135,387.2441802641803
589,2001,ND,357.8049122807017,3816.603883928572,241.23057894736843
590,2001,NE,950.2108119658119,6822.481529850745,808.5594711538461
591,2001,NH,417.677,3752.142,399.51
592,2001,NJ,787.577619047619,1308.7861904761905,107.78380952380952
593,2001,NM,776.3767741935482,9521.530645161292,549.8832258064516
594,2001,NV,1301.310588235294,1638.6518750000002,338.53999999999996
595,2001,NY,556.0891379310348,4459.615627763042,366.8054187192118
596,2001,OH,664.3772357293867,3407.0637931034476,158.2452873563219
597,2001,OK,1205.5888311688311,7410.555994152045,1050.7615541835212
598,2001,OR,825.7080840336135,4405.525,774.4779166666667
599,2001,PA,652.6133740388966,5808.875218181818,470.27087764436817
600,2001,RI,0.0,0.0,0.0
601,2001,SC,1173.4117391304349,2599.9836956521735,509.63284729586417
602,2001,SD,689.2840983606558,4551.5368192219685,580.2841368515205
603,2001,TN,963.4317894736841,4460.1063225806465,758.6024280701754
604,2001,TX,1602.952298538415,6417.4562184873985,318.27495901639344
605,2001,UT,1441.446542857143,38967.61028846154,1220.506785714286
606,2001,VA,1416.024205767351,6393.039516129031,760.5770880893301
607,2001,VT,0.0,0.0,0.0
608,2001,WA,683.4051282051281,4058.120882352941,611.3965641025641
609,2001,WI,706.2566197183096,15364.42251703771,590.0083098591549
610,2001,WV,549.6812356902358,9091.698113207547,188.4651851851852
611,2001,WY,390.795652173913,9686.535909090908,329.6831818181818
612,2002,AK,191.38583333333335,35.425000000000004,116.65666666666665
613,2002,AL,1201.1398507462684,3245.1465671641786,730.615699196326
614,2002,AR,295.5278666666667,1137.847567567568,209.45351351351354
615,2002,AZ,1100.1093333333333,4192.38393939394,915.8033333333333
616,2002,CA,1063.0873684210526,4920.59089122807,864.2181264481958
617,2002,CO,910.482959770115,6099.060496957403,720.5249696969696
618,2002,CT,0.0,0.0,0.0
619,2002,DC,428.52,838.77,21.25
620,2002,DE,0.0,0.0,0.0
621,2002,FL,1441.0695522388055,5186.219906400203,939.9015051859349
622,2002,GA,1639.3296346408474,5553.696696293715,924.1193929359825
623,2002,HI,290.962,721.2466666666668,229.12800000000001
624,2002,IA,412.25433396464643,6722.3516666666665,113.94177083333336
625,2002,ID,343.6047619047619,3614.234634146342,307.47682926829265
626,2002,IL,618.944973262032,9280.152009637182,468.0532493249325
627,2002,IN,830.028804347826,11053.388003033366,760.5798702664797
628,2002,KS,365.85470000000004,15934.165612244895,280.0254545454545
629,2002,KY,1107.1485654761905,14516.413429235681,993.97806981982
630,2002,LA,1469.2254687499997,2624.7028125,599.1409375000001
631,2002,MA,297.01499999999993,1879.0407142857148,180.76499999999996
632,2002,MD,1022.8545833333334,3723.008007246377,483.2153985507247
633,2002,ME,374.07391666666666,1048.5668750000002,140.678125
634,2002,MI,884.8422400713966,7449.44473765432,755.5603339404979
635,2002,MN,387.6996470588235,5304.439275000001,288.93998863636375
636,2002,MO,1057.5648379446639,10929.869474696658,943.0860679978416
637,2002,MS,1398.9428229448963,1368.4392592592596,395.65987654320986
638,2002,MT,299.0155102040816,5767.471627906977,259.42795918367347
639,2002,NC,751.0201262626264,3668.409156954156,402.3009052059051
640,2002,ND,367.2671517027864,3850.145192307692,271.5569047619048
641,2002,NE,976.8581282051285,12991.464640522878,868.9705929487179
642,2002,NH,435.133,4243.975,407.90999999999997
643,2002,NJ,764.662380952381,3786.0019047619053,277.3708095238095
644,2002,NM,942.2754838709676,11233.44838709677,724.0548387096774
645,2002,NV,1298.4199999999998,6170.673529411763,336.02588235294115
646,2002,NY,566.1243103448277,4436.6078489326765,366.7425078369905
647,2002,OH,685.1090380549681,3580.4586206896547,165.32620689655172
648,2002,OK,1268.5832467532464,8031.852850877192,1096.4053693181818
649,2002,OR,864.4140672268907,4417.852156862745,793.750835978836
650,2002,PA,694.5009588421528,6111.923885918004,510.7996172248803
651,2002,RI,0.0,0.0,0.0
652,2002,SC,1220.4560869565216,2685.0788220424674,553.140465116279
653,2002,SD,714.0673480870219,6177.532511961721,604.8210442316462
654,2002,TN,1020.8987368421051,4804.1845366695425,810.3519958988379
655,2002,TX,1652.8211072131146,7466.923403361346,335.4288114754097
656,2002,UT,1560.933885714286,39510.718717948715,1311.6984920634918
657,2002,VA,1491.4685630498532,6527.802494099131,806.5795155038757
658,2002,VT,0.0,0.0,0.0
659,2002,WA,731.6822537112012,4589.002210526316,630.4311166253103
660,2002,WI,729.0088732394368,14982.647501135849,631.6880606717225
661,2002,WV,585.298265993266,12709.894528301887,226.24962962962957
662,2002,WY,414.72260869565207,11089.967272727272,353.78636363636355
663,2003,AK,184.85416666666663,39.4375,135.19666666666666
664,2003,AL,1215.3326865671643,3121.9185074626866,752.126546175373
665,2003,AR,305.6229333333333,1132.9963513513514,221.74891891891895
666,2003,AZ,1175.804,4724.979333333334,991.0713333333332
667,2003,CA,1053.3437931034482,5276.881129385965,869.5434889109565
668,2003,CO,953.3526497175144,7357.679706896552,735.5775765765766
669,2003,CT,0.0,0.0,0.0
670,2003,DC,780.68,1335.74,45.43
671,2003,DE,0.0,0.0,0.0
672,2003,FL,1496.7776119402981,5195.002645642753,1005.4822267693789
673,2003,GA,1644.1672302217812,5696.292676890902,966.9767476708946
674,2003,HI,304.246,532.4533333333334,234.72199999999998
675,2003,IA,425.40734532828276,5085.861979166666,112.9478125
676,2003,ID,363.0835714285713,3836.554146341463,320.69414634146347
677,2003,IL,671.4949694969499,7071.791165564819,508.3093729372937
678,2003,IN,885.391956521739,10982.972086530262,801.4799598662207
679,2003,KS,382.8117000000002,13729.44616161616,291.5763636363636
680,2003,KY,1148.5464863445382,14135.774217988479,1031.7308262209579
681,2003,LA,1536.6601562500005,2551.7509375000004,675.9489062499998
682,2003,MA,309.90071428571434,1894.28,181.28571428571428
683,2003,MD,1039.1191666666666,3680.3175,490.89871212121216
684,2003,ME,378.99604166666677,1114.1456249999999,149.23375
685,2003,MI,888.688722296594,6933.66601180891,746.5347491039427
686,2003,MN,436.24825251076027,4833.633410714285,315.0027576530613
687,2003,MO,1064.4953833992095,11215.859505447243,937.8069744714799
688,2003,MS,1527.5623803071367,1560.9785185185185,386.2617283950616
689,2003,MT,318.6622448979592,5139.201818181818,256.01795918367344
690,2003,NC,763.7911646464646,3597.5091919191923,424.92940928270036
691,2003,ND,489.61272180451124,6213.388764568765,312.35428229665075
692,2003,NE,974.0862820512821,12738.399496904025,862.5179737335832
693,2003,NH,446.079,2131.268,165.075
694,2003,NJ,783.1447619047619,3710.722380952381,293.86619047619047
695,2003,NM,1122.1825806451611,8868.25290322581,878.303870967742
696,2003,NV,1281.9605882352942,6330.47,337.75
697,2003,NY,568.5020689655171,4268.2364234162,365.14523477622885
698,2003,OH,701.7249180761102,3581.354942528738,170.51770114942533
699,2003,OK,1316.6551948051954,7573.143338493292,1153.0225534759354
700,2003,OR,862.7078991596638,4519.270653594772,822.6623703703704
701,2003,PA,716.8488218000905,6122.623552188552,530.8880354391371
702,2003,RI,320.8825,2341.5125,225.75250000000003
703,2003,SC,1221.610652173913,2622.798367037412,569.6050707785643
704,2003,SD,734.2505795496494,22556.319578754577,681.9461945031712
705,2003,TN,1086.0384210526315,4867.54153907496,865.7753512851896
706,2003,TX,1723.6861481967208,8412.094500000005,381.2585245901641
707,2003,UT,1678.8684615384623,37445.91076923077,1471.6119841269842
708,2003,VA,1538.3561078098473,6807.254783666152,867.4036087170648
709,2003,VT,0.0,0.0,0.0
710,2003,WA,717.37358974359,4268.960555555555,652.0440198511167
711,2003,WI,753.2656338028171,13424.206107554419,620.5441448692154
712,2003,WV,643.966074074074,9822.455849056603,234.4087037037037
713,2003,WY,435.30391304347825,11007.406363636364,377.4904545454545
714,2004,AK,175.98249999999996,43.568333333333335,154.63333333333335
715,2004,AL,1257.903880597015,3169.0286567164194,804.6398694029851
716,2004,AR,312.63293333333326,1110.817972972973,225.44567567567572
717,2004,AZ,1279.2346666666667,4766.480833333334,1069.2626666666665
718,2004,CA,1055.2430187537811,5550.806648764768,867.4276803118909
719,2004,CO,974.0598333333334,6048.27948275862,728.6483226950354
720,2004,CT,0.0,0.0,0.0
721,2004,DC,862.9,1461.67,76.39
722,2004,DE,0.0,0.0,0.0
723,2004,FL,1549.0662686567166,5092.344939365672,1091.5451026119401
724,2004,GA,1661.4864738497192,5430.25887831126,996.2252419765665
725,2004,HI,297.582,929.565,211.2
726,2004,IA,438.8617361111111,4716.155312500001,114.76718749999999
727,2004,ID,379.1528571428572,5034.005749999998,325.2251219512195
728,2004,IL,674.2022312231221,7923.363993963782,524.8151055105509
729,2004,IN,912.3591304347824,11678.621567028984,830.2321971014492
730,2004,KS,397.07050000000015,12807.998181818182,292.19636363636357
731,2004,KY,1271.183718487395,13495.087635135133,1151.4201842291727
732,2004,LA,1791.6015625000005,2901.4665625000007,699.7231250000002
733,2004,MA,313.6042857142857,1865.7042857142858,179.13857142857142
734,2004,MD,1017.1770833333334,3457.8185984848487,497.24193181818185
735,2004,ME,389.26254166666666,1229.4106249999998,154.9225
736,2004,MI,906.69150255947,7187.693527336862,745.9325402803934
737,2004,MN,479.51631932773114,5300.932208333334,358.6001985294118
738,2004,MO,1091.0387747035575,12039.203476794388,954.3591662465979
739,2004,MS,1628.112978018669,1602.5407407407413,444.27098765432123
740,2004,MT,338.0095918367347,4249.937555555555,259.8626530612245
741,2004,NC,790.2603323232325,3681.3138535353537,449.59582972582973
742,2004,ND,481.0644736842105,5850.107482517482,288.94393483709274
743,2004,NE,941.8215724436207,7966.115603715169,834.1723857302118
744,2004,NH,460.5,2446.886,181.80800000000002
745,2004,NJ,787.7014285714286,3717.21619047619,303.77380952380946
746,2004,NM,1267.7699999999998,9653.411612903226,1039.568064516129
747,2004,NV,1245.9017647058822,6576.493529411765,329.79411764705884
748,2004,NY,585.1015517241381,4497.768163418291,377.8838774761556
749,2004,OH,723.9564931289641,3792.8195402298843,177.343908045977
750,2004,OK,1346.8080519480518,8094.301973684209,1181.740629058442
751,2004,OR,891.5514117647058,4514.866111111111,853.6858901098901
752,2004,PA,733.4771257349616,6456.894208754208,539.173818695429
753,2004,RI,303.9825,2040.3925000000002,218.1225
754,2004,SC,1218.5073913043482,2566.539430641822,577.6614492753623
755,2004,SD,749.7777260981911,20913.21103448276,611.5464324591787
756,2004,TN,1146.1169473684208,5028.146389329488,936.0732966507178
757,2004,TX,1805.1541285245899,9154.989291666669,433.84836065573813
758,2004,UT,1784.5698677248677,50926.143269230764,1495.7
759,2004,VA,1585.4498374969678,6815.7592050691255,885.5392181728637
760,2004,VT,0.0,0.0,0.0
761,2004,WA,715.946153846154,4121.488822055137,655.322139699381
762,2004,WI,774.2844053208138,12129.946104753522,653.7888508322663
763,2004,WV,702.1155757575757,9605.97396226415,255.20129629629628
764,2004,WY,455.31391304347824,9420.772272727272,401.0277272727273
765,2005,AK,167.9966666666667,42.767500000000005,185.16750000000002
766,2005,AL,1307.7705970149254,3218.822388059701,857.0104104477612
767,2005,AR,316.1282666666666,1019.4345333333331,238.57600000000002
768,2005,AZ,1260.5546666666667,4113.304571428572,1058.1033333333332
769,2005,CA,1078.9984210526313,4380.730873612602,894.158721322537
770,2005,CO,1072.0419039548026,6461.951015325671,795.4716190476189
771,2005,CT,0.0,0.0,0.0
772,2005,DC,861.45,1552.69,64.15
773,2005,DE,0.0,0.0,0.0
774,2005,FL,1603.2182089552239,5160.2845036721155,1127.925363657901
775,2005,GA,1695.7107018201507,4423.096775070955,1086.9287982416076
776,2005,HI,328.13,730.5274999999999,236.878
777,2005,IA,450.5676799242424,5997.644991496599,371.68419642857145
778,2005,ID,384.3319047619047,2366.66243902439,315.9339024390245
779,2005,IL,712.2014091409142,7715.197376708258,550.7216881688169
780,2005,IN,971.9972826086956,9862.315685618727,885.5145123384251
781,2005,KS,392.8421000000002,9527.15474747475,304.4541414141415
782,2005,KY,1350.4324999999994,12677.931036670474,1191.0630194111639
783,2005,LA,1806.0416129032262,3504.4932258064523,984.8159677419353
784,2005,MA,325.8457142857143,1920.0957142857144,188.84
785,2005,MD,998.1991666666665,3373.9055833333327,502.34691666666674
786,2005,ME,388.7190833333333,1232.8443750000001,156.91062500000004
787,2005,MI,939.9065251430293,6897.635234567901,784.1813276664642
788,2005,MN,510.00109142452175,4854.129550925927,381.4299813829788
789,2005,MO,1178.7079486166003,10829.900293843904,999.1408917825786
790,2005,MS,1693.0140635350804,1607.8208641975307,778.4751851851853
791,2005,MT,348.43326530612245,3980.5314583333334,252.61408163265307
792,2005,NC,806.2675484848481,3499.561366161617,470.7518434343434
793,2005,ND,486.6418918918919,2179.9827567567568,324.8883552631579
794,2005,NE,878.8096762820513,4634.047864864865,394.97264866339333
795,2005,NH,462.805,1804.725,185.47100000000003
796,2005,NJ,795.5371428571431,3720.107619047619,329.04333333333335
797,2005,NM,1391.3432258064515,10239.62,1176.0641935483875
798,2005,NV,1205.9082352941177,6967.454705882354,328.8482352941176
799,2005,NY,596.8251724137931,4410.27853264857,393.6647431386348
800,2005,OH,740.1437050739955,3651.6304597701146,185.753908045977
801,2005,OK,1372.966877990431,7218.818892428326,1203.3839135491373
802,2005,OR,870.5266638655462,4095.698715170279,839.9496043956044
803,2005,PA,769.8591564902757,6709.088905723904,573.677803030303
804,2005,RI,336.1125,2188.9875,238.575
805,2005,SC,1210.3039130434784,2597.928086956522,606.0975326086957
806,2005,SD,807.0244998154301,9873.659535798586,688.4631798766018
807,2005,TN,1167.6492631578942,5303.408930340556,969.7113847117793
808,2005,TX,1903.380278143515,10903.796819066647,1160.4564585960043
809,2005,UT,1879.3734615384617,27422.36051282052,1604.6664935064937
810,2005,VA,1586.1489442815246,5587.828548387097,924.7647174293572
811,2005,VT,0.0,0.0,0.0
812,2005,WA,730.4297435897433,4035.5077597840755,677.2027763041555
813,2005,WI,793.4619718309857,9685.395555095278,665.9019131455398
814,2005,WV,786.3634276094276,6624.737777777778,279.8562962962963
815,2005,WY,914.4360869565218,9431.896273291926,837.2733333333333
816,2006,AK,182.915,175.41583333333335,189.53833333333338
817,2006,AL,1311.383134328358,3237.8592537313443,848.3894075774972
818,2006,AR,320.71026666666677,1318.292,243.96999999999994
819,2006,AZ,1272.52,3870.226461538461,1045.9516190476193
820,2006,CA,1077.6700967937086,4536.073247404225,888.3697001594896
821,2006,CO,1104.0466206896551,6464.882290640395,814.4751937984495
822,2006,CT,0.0,0.0,0.0
823,2006,DC,868.59,1387.11,50.43
824,2006,DE,0.0,0.0,0.0
825,2006,FL,1637.2531343283586,5032.704771526981,1170.9583030998851
826,2006,GA,1713.4167966179348,4309.633998277069,1119.1863483029804
827,2006,HI,306.52200000000005,656.895,214.656
828,2006,IA,445.1220344387756,5102.948782894737,398.3342349137931
829,2006,ID,411.6895238095238,2618.064878048781,322.3721951219511
830,2006,IL,737.886672608437,6790.761506615452,563.0981908190818
831,2006,IN,966.6283695652177,10117.909086069209,882.1671014492754
832,2006,KS,424.9855,8834.272525252527,319.7974747474748
833,2006,KY,1396.6370654761906,11544.042137907136,1218.0133297297293
834,2006,LA,1925.6330645161295,3457.880645161291,953.318870967742
835,2006,MA,337.2085714285714,1830.017857142857,202.2057142857143
836,2006,MD,996.6504166666667,3331.482007575757,514.0791287878786
837,2006,ME,400.375,1197.415,151.36499999999995
838,2006,MI,960.255832580548,7200.9648611111115,807.4116581196579
839,2006,MN,507.3982969187675,4537.539259259259,367.47858673469386
840,2006,MO,1215.5731581027667,11144.402388188071,983.4324434250766
841,2006,MS,1778.5345121951216,1690.219012345679,511.5613580246913
842,2006,MT,270.5397959183673,4123.345744680851,243.84346938775514
843,2006,NC,820.9013808080811,3431.693463383838,492.56324314574306
844,2006,ND,542.831796992481,5738.550833333335,357.9590935672515
845,2006,NE,1249.8877897435896,78042.99597774245,1016.4783166109255
846,2006,NH,492.645,1929.8550000000002,196.18999999999997
847,2006,NJ,807.2814285714285,3779.025238095238,314.3252380952381
848,2006,NM,1445.3425806451614,14026.733870967744,1228.4780645161284
849,2006,NV,1183.2594117647059,1416.5164705882353,378.88529411764705
850,2006,NY,626.616896551724,4439.764233308878,407.24862787356324
851,2006,OH,755.9313054968286,3557.7068965517233,191.95126436781612
852,2006,OK,1390.4577409432673,7518.395015927471,1216.2778787878785
853,2006,OR,868.3237142857142,4216.480326797387,840.9838201058202
854,2006,PA,815.5043306196291,7065.17085858586,590.6332183908047
855,2006,RI,347.28000000000003,2356.8025000000002,250.50250000000003
856,2006,SC,1213.5641304347828,2567.3432091097316,599.6628985507245
857,2006,SD,847.9833259505353,6426.295773809525,677.6259069767444
858,2006,TN,1180.4976842105261,5244.925929824561,976.1955180722891
859,2006,TX,2240.0396144757497,10854.677454220193,1342.0509391984772
860,2006,UT,1796.7056593406592,22746.662788461534,1618.7657142857145
861,2006,VA,1667.0225751879698,5803.691461290323,985.677123245506
862,2006,VT,0.0,0.0,0.0
863,2006,WA,735.7012685560053,4207.886756410256,677.6729280397022
864,2006,WI,821.0905633802818,9844.222179392142,639.4572587376108
865,2006,WV,827.0926296296295,9461.2558994709,764.590081300813
866,2006,WY,965.8169565217393,6582.329927536233,807.185884057971
867,2007,AK,189.0416666666667,314.6075,190.08416666666668
868,2007,AL,1320.9219402985073,3396.4325318860247,873.1496824966077
869,2007,AR,343.7890666666668,1218.6026666666667,262.69640000000004
870,2007,AZ,1294.7166666666667,4047.1764999999996,1028.0111904761904
871,2007,CA,1073.1956140350876,4597.492269960616,892.2721929824562
872,2007,CO,1052.2986842105265,5129.748169129722,800.0413468468467
873,2007,CT,0.0,0.0,0.0
874,2007,DC,785.16,1327.8,42.07
875,2007,DE,0.0,0.0,0.0
876,2007,FL,1684.3371641791045,5102.2807921928825,1202.910913892078
877,2007,GA,1745.2401695197632,4326.918816777043,1134.6295579732996
878,2007,HI,305.804,750.7566666666668,222.43400000000003
879,2007,IA,447.1496067176871,5071.537648809524,391.684255952381
880,2007,ID,400.05142857142863,2878.2592682926825,307.4690243902439
881,2007,IL,736.3294563279858,7374.501551127713,549.1049762329176
882,2007,IN,997.1624999999999,9125.700377107365,909.027097101449
883,2007,KS,419.37990000000013,7726.0614141414135,309.6061616161616
884,2007,KY,1501.8140178571434,12499.052529195864,1323.7897641759405
885,2007,LA,1957.959354838709,3521.938548387096,1227.9304838709677
886,2007,MA,338.0414285714286,1718.9492857142855,195.9092857142857
887,2007,MD,1014.7504166666669,3276.1359057971013,512.5434601449275
888,2007,ME,408.9912499999999,1316.300625,148.52375
889,2007,MI,943.1536735922916,7557.939273783588,785.632576489533
890,2007,MN,501.8958936924167,4893.608403225806,356.85627499999987
891,2007,MO,1209.5990158102763,11418.651673979522,982.2898076353948
892,2007,MS,1851.799765130984,1697.8128395061735,593.0019753086419
893,2007,MT,280.05857142857144,4831.623541666667,238.83265306122445
894,2007,NC,834.7993060606061,3417.1416749776226,506.712532218739
895,2007,ND,565.4776428571429,8845.018377192982,413.91463043478257
896,2007,NE,1070.0503812415654,43705.21509400706,895.2273076923078
897,2007,NH,498.549,1544.685,198.128
898,2007,NJ,797.99,3654.2890476190473,316.1185714285714
899,2007,NM,1387.5500000000002,13696.57258064516,1420.8093548387094
900,2007,NV,1152.6123529411766,10344.42517647059,1024.8809663865547
901,2007,NY,634.7998275862068,4366.546080901857,409.5432375478927
902,2007,OH,772.0158271670191,3567.177816091954,189.74793103448272
903,2007,OK,1380.826103896104,7637.399497354498,1170.8986702030363
904,2007,OR,859.6285630252102,4316.7364705882355,793.0059450549452
905,2007,PA,841.2284418815016,6626.455898818695,611.2143070044709
906,2007,RI,376.9575,2310.4625,273.895
907,2007,SC,1214.8249999999996,2558.5846157735086,620.5305106167847
908,2007,SD,835.8156035437432,7034.904578713969,649.5714665401046
909,2007,TN,1192.200947368421,5166.956576659039,986.6395651629073
910,2007,TX,2113.456309578671,10881.814685359328,1336.1572142857144
911,2007,UT,1738.9064285714285,21337.864074074074,1594.4013721804506
912,2007,VA,1726.2853109090906,6091.1202025396815,1069.8282799999997
913,2007,VT,0.0,0.0,0.0
914,2007,WA,724.1199190283401,4129.793522267207,653.7027626137303
915,2007,WI,819.3907042253521,9515.38270344288,667.5662161430118
916,2007,WV,846.1799595959598,9911.463333333333,781.7221828211191
917,2007,WY,948.2608695652173,6864.249739130435,808.4184927536231
918,2008,AK,197.81750000000002,453.77250000000004,195.80499999999998
919,2008,AL,1361.1492537313434,3429.2758234688636,891.6327321022009
920,2008,AR,367.2522666666666,1297.4114666666667,282.3041333333333
921,2008,AZ,1295.8953333333334,3798.307128205128,1024.7666666666667
922,2008,CA,1058.9689473684211,4360.041843971631,869.174147633234
923,2008,CO,996.6821954022989,4618.260320366133,762.8900162601626
924,2008,CT,0.0,0.0,0.0
925,2008,DC,701.94,1302.37,53.2
926,2008,DE,0.0,0.0,0.0
927,2008,FL,1730.077611940298,5140.463258323765,1246.0870585533871
928,2008,GA,1720.2081169561413,4240.216282845546,1095.8008323993886
929,2008,HI,306.95,478.645,231.27200000000002
930,2008,IA,461.46635841836746,5326.607462121212,403.8393674242423
931,2008,ID,390.4152380952381,2982.476341463415,307.1797560975609
932,2008,IL,752.0459922756985,7535.914533001245,561.2944794479447
933,2008,IN,1030.0386956521738,8943.158555900623,936.2264920948617
934,2008,KS,415.2552000000003,7440.114343434347,311.4453535353535
935,2008,KY,1505.7660084033614,12110.223141891896,1339.0117959895374
936,2008,LA,2004.6938709677422,3715.8243548387095,1382.1838709677418
937,2008,MA,339.1821428571429,1606.1942857142853,197.8714285714286
938,2008,MD,1022.9633333333333,3270.341503623188,529.8655797101449
939,2008,ME,419.5405833333333,1203.18,144.71375000000003
940,2008,MI,925.1140454682323,7726.699382716048,780.4601619105447
941,2008,MN,495.370340629275,4694.782693965517,342.5002386363637
942,2008,MO,1195.153019762846,16576.81196933517,990.0185158002035
943,2008,MS,1919.6574239686836,1752.5375308641974,617.4748148148145
944,2008,MT,288.04857142857145,5123.477916666668,250.28979591836733
945,2008,NC,849.0600010101011,3316.234013553255,525.6552748414375
946,2008,ND,603.3535878378376,8959.560909090911,417.38406578947365
947,2008,NE,963.4530699930699,27183.215360360362,847.8843910256411
948,2008,NH,506.23300000000006,1624.3139999999999,204.98000000000002
949,2008,NJ,772.8476190476192,3440.7961904761905,317.80333333333334
950,2008,NM,1351.1290322580646,10945.18935483871,1451.776451612903
951,2008,NV,1148.0529411764708,8273.144852941177,986.2949321266968
952,2008,NY,639.3729310344827,4482.009000703728,421.2688370520621
953,2008,OH,789.6842811839324,3217.7294252873558,195.16206896551722
954,2008,OK,1406.3737662337664,8314.463677248677,1185.5351082251082
955,2008,OR,859.1460924369749,4752.397647058824,792.9877582417582
956,2008,PA,880.5898100407055,6796.433909090909,644.3261127670143
957,2008,RI,367.12,2679.46,260.0875
958,2008,SC,1212.359782608696,2523.073123011665,610.4500265111346
959,2008,SD,846.2445761440358,8872.68557142857,683.2653842264915
960,2008,TN,1222.6119999999996,5062.981872180453,1026.0919690402475
961,2008,TX,1965.3372824489797,9926.848437237484,1246.6733333333332
962,2008,UT,1669.9735714285714,21192.82296296296,1417.0538095238094
963,2008,VA,1715.1944787786256,5824.618781639345,1021.6939907692307
964,2008,VT,0.0,0.0,0.0
965,2008,WA,729.6357354925775,3759.937079152731,663.7182517482518
966,2008,WI,807.4500567292644,9646.750993740217,692.108743891923
967,2008,WV,847.744851851852,10816.69185185185,781.0062661498707
968,2008,WY,942.96,7615.360507246378,832.7307880434784
969,2009,AK,209.4658333333334,581.6816666666667,196.74666666666664
970,2009,AL,1386.341343283582,3534.8587928777174,949.3867137994238
971,2009,AR,387.23079999999993,1375.7893333333334,295.7447999999999
972,2009,AZ,1308.0939999999998,3920.1824615384617,1023.6693333333333
973,2009,CA,1036.1540350877196,4280.798600305111,837.3618404501823
974,2009,CO,984.8823333333335,4782.238852901484,728.2131428571429
975,2009,CT,0.0,0.0,0.0
976,2009,DC,688.81,1397.83,46.09
977,2009,DE,0.0,0.0,0.0
978,2009,FL,1696.3352238805974,4983.600419331911,1215.3982089552242
979,2009,GA,1737.0599521012955,4355.661429684456,1100.7213992736595
980,2009,HI,289.566,563.0250000000001,229.01600000000002
981,2009,IA,465.01347517730494,4934.7752083333335,399.8121180555556
982,2009,ID,385.9909523809524,3263.0253658536585,314.43317073170726
983,2009,IL,748.9969875222815,8359.262260101012,542.4169191919193
984,2009,IN,1054.9126086956521,9222.780849436394,962.6756358695652
985,2009,KS,416.90070000000014,7342.591919191919,318.40282828282835
986,2009,KY,1515.4692857142854,11038.270900900898,1341.2414202437735
987,2009,LA,1901.5487096774198,3778.573225806451,1679.3041935483877
988,2009,MA,550.2357142857144,2897.4190109890114,320.0213736263736
989,2009,MD,1002.1970833333334,3218.3160507246375,521.0536050724638
990,2009,ME,435.46187499999996,1386.245625,150.91312499999998
991,2009,MI,886.1799713941584,7366.84204097715,741.5838166980541
992,2009,MN,510.1981428571429,5080.0301875,349.037025
993,2009,MO,1177.2088771929818,13225.660719928645,1005.2161707219785
994,2009,MS,1937.4280081300808,1789.0995061728383,588.763209876543
995,2009,MT,299.16979591836736,5283.213958333333,239.97897959183675
996,2009,NC,850.3649525252524,3455.116946969698,515.9253773024362
997,2009,ND,565.1651428571429,7643.925850815852,407.18475
998,2009,NE,941.5821944721945,19376.546436436438,849.1562019230769
999,2009,NH,523.522,1351.751,208.41199999999998
1000,2009,NJ,762.5,3362.26380952381,318.0409523809524
1001,2009,NM,1851.5896774193548,12350.270967741935,2041.6935483870961
1002,2009,NV,1197.1864705882354,8425.184705882353,1027.3654010695186
1003,2009,NY,642.8206896551724,4321.77,430.78173076923076
1004,2009,OH,800.5701612050739,6636.20296551724,649.2224655172413
1005,2009,OK,1421.6871428571426,8384.847687312686,1215.6732034632041
1006,2009,OR,850.2406722689077,4767.412194570135,796.6442857142856
1007,2009,PA,904.6083265490728,6787.272626262627,673.9274102564104
1008,2009,RI,319.1875,1838.085,231.425
1009,2009,SC,1212.5115217391303,2477.8315010351967,614.8643788819876
1010,2009,SD,847.4285131528786,7547.006575091575,673.8220103359174
1011,2009,TN,1231.172210526316,4935.34722501907,1055.7375698505525
1012,2009,TX,1934.61154705445,9809.07501289008,1249.6293029001076
1013,2009,UT,1742.2794142857142,18724.427962962964,1453.8261428571427
1014,2009,VA,1697.2527692307694,2990.472399999998,517.11944
1015,2009,VT,0.0,0.0,0.0
1016,2009,WA,721.8039136302294,3797.435815850816,668.3962365591399
1017,2009,WI,821.9407316118937,9423.694514455154,686.4490539463195
1018,2009,WV,885.7493569023568,10383.945740740743,829.927799310939
1019,2009,WY,916.4134782608696,5911.835130434782,857.6806666666666
1020,2010,AK,212.79416666666668,320.76,196.31833333333336
1021,2010,AL,1371.0210447761197,3418.3086394948336,957.1070909602928
1022,2010,AR,403.7157333333332,1384.6441333333332,309.1996000000001
1023,2010,AZ,1268.0986666666668,3453.8036666666667,1022.486238095238
1024,2010,CA,991.2064912280703,3760.952171052632,803.5983040935671
1025,2010,CO,1009.7875000000001,5533.621031687546,748.1207117117118
1026,2010,CT,0.0,0.0,0.0
1027,2010,DC,686.88,1319.3,46.39
1028,2010,DE,0.0,0.0,0.0
1029,2010,FL,1675.3849253731341,4717.592904707234,1227.7953777267508
1030,2010,GA,1710.0020092465334,4099.709731842362,1102.5869841269837
1031,2010,HI,283.87,493.8925,213.35
1032,2010,IA,479.8504857456139,5342.75525,415.46141116352203
1033,2010,ID,375.6085714285714,2194.0131707317073,310.8917073170732
1034,2010,IL,795.2128817587638,7697.9177344877335,580.5414468211529
1035,2010,IN,1076.0431521739133,8103.428574651355,991.8046281464531
1036,2010,KS,427.14649999999995,5928.477474747478,325.1641414141414
1037,2010,KY,1547.6647678571421,9605.067233853573,1395.2080999999994
1038,2010,LA,1903.9493548387095,3705.481935483871,1728.039677419355
1039,2010,MA,540.2242857142857,2820.0515476190476,321.3586813186813
1040,2010,MD,1010.7229166666668,3056.950892857143,545.0705952380953
1041,2010,ME,456.06925,1604.94375,196.19312499999998
1042,2010,MI,873.9990831074979,7065.401570048309,715.5676543209877
1043,2010,MN,496.33752941176476,4216.7489398148155,350.7060255102041
1044,2010,MO,1178.8611581027671,11450.635376702809,1009.8674829201641
1045,2010,MS,1975.703002107799,1610.0759259259257,754.2102469135804
1046,2010,MT,310.8777551020409,4676.391702127659,244.4873469387755
1047,2010,NC,858.7747070707069,3294.2319716148836,538.9186559714796
1048,2010,ND,647.4856875,4839.048385964911,425.31885714285715
1049,2010,NE,849.1610731244064,18330.411073131952,691.405293040293
1050,2010,NH,523.641,1218.5620000000001,198.483
1051,2010,NJ,751.5609523809524,3263.0780952380946,321.17809523809524
1052,2010,NM,1737.3209677419352,8034.003870967741,1863.3890322580648
1053,2010,NV,1168.0141176470588,4888.0841176470585,1018.7253393665158
1054,2010,NY,636.2936206896552,4057.312325752017,428.43788074712654
1055,2010,OH,817.7782663847779,6280.7205668398665,670.1253852703276
1056,2010,OK,1465.625974025974,7081.3017079147285,1243.5959523809522
1057,2010,OR,842.4669831932772,3818.068517857143,835.8434857142856
1058,2010,PA,910.0542175486205,6287.754687194525,677.9844227994225
1059,2010,RI,309.55999999999995,1828.075,225.6
1060,2010,SC,1179.2710869565217,2415.28520678685,607.0714899257688
1061,2010,SD,839.1231732933231,5230.104926739927,670.8204246713854
1062,2010,TN,1290.570421052632,4802.61507518797,1115.4922540834843
1063,2010,TX,1950.2609456879527,9671.108610460575,1255.683354457572
1064,2010,UT,1800.402014285714,16256.525138888886,1547.8253571428572
1065,2010,VA,1709.7684276923073,3037.6691199999996,538.88536
1066,2010,VT,0.0,0.0,0.0
1067,2010,WA,713.8146896086372,3270.537948717949,696.2248878205128
1068,2010,WI,809.9563556338027,8378.897086519115,681.7060592124174
1069,2010,WV,920.4069057239057,7578.978575498577,875.425037037037
1070,2010,WY,902.2873913043477,5592.90054347826,825.5144409937889
1071,2011,AK,214.1341666666667,508.6933333333333,196.57666666666668
1072,2011,AL,1396.464776119403,3312.1875726629996,999.4021384457023
1073,2011,AR,419.68520000000007,1349.053866666667,315.7804
1074,2011,AZ,1259.6233333333334,3244.635,1046.1159523809524
1075,2011,CA,912.0794736842106,3435.869734975737,740.3009665673619
1076,2011,CO,949.6743813559322,5407.039833333334,742.7925000000001
1077,2011,CT,0.0,0.0,0.0
1078,2011,DC,656.19,1371.55,36.27
1079,2011,DE,0.0,0.0,0.0
1080,2011,FL,1674.2319402985079,4479.1971986222725,1266.7231733639492
1081,2011,GA,1740.7433562414099,3825.6791933557697,1130.4029733534962
1082,2011,HI,266.258,0.0,0.0
1083,2011,IA,459.9811458333334,5005.184583333334,417.27044117647057
1084,2011,ID,372.68190476190466,2041.7282926829268,314.7931707317073
1085,2011,IL,815.9755644682115,6933.699330808078,598.2805882352942
1086,2011,IN,1070.670543478261,7124.437150621117,978.3982664437015
1087,2011,KS,426.0444000000001,5002.201616161616,325.77535353535353
1088,2011,KY,1627.1748809523804,8848.091412612615,1466.108191268192
1089,2011,LA,1927.6340322580638,3690.7987096774177,1706.3719354838706
1090,2011,MA,549.0518131868132,2639.2991666666667,322.11906593406593
1091,2011,MD,1028.8416666666667,3069.3095833333327,575.7558333333334
1092,2011,ME,454.70375,2959.591875,429.516875
1093,2011,MI,862.5376708822643,6956.5152093397755,710.0478426449047
1094,2011,MN,485.1692941176471,4378.2686875,336.3856862745098
1095,2011,MO,1190.3477391304348,10933.503385698128,1028.9115720565746
1096,2011,MS,2013.6716741945197,3529.170493827161,1428.4714002187839
1097,2011,MT,325.13673469387754,3707.5191666666665,243.97020408163263
1098,2011,NC,861.954006060606,3288.9105274971944,543.8639370172311
1099,2011,ND,672.6728636363634,4607.7586923076915,406.21007894736846
1100,2011,NE,611.9802516619184,3120.277539872408,478.3256923076923
1101,2011,NH,522.492,2909.099,495.45775000000003
1102,2011,NJ,699.4633333333334,3144.259047619048,318.1795238095238
1103,2011,NM,1670.4070967741934,6988.981935483871,1664.7448387096777
1104,2011,NV,1243.1176470588234,10614.01367647059,1156.7731550802139
1105,2011,NY,643.1577586206896,3865.7016827586212,435.82459661678604
1106,2011,OH,810.3827484143765,5912.290428704568,661.2301231527092
1107,2011,OK,1462.582467532468,7030.909383753502,1255.8359523809522
1108,2011,OR,836.1779999999999,3840.952,813.134642857143
1109,2011,PA,910.7296246042515,6400.255475089882,681.7964630681815
1110,2011,RI,293.01,1908.9399999999998,241.69000000000003
1111,2011,SC,1146.8195652173915,2313.080429726997,595.8708139534883
1112,2011,SD,901.3097255051468,4893.879031007752,693.1300901756051
1113,2011,TN,1394.9197894736842,4689.651560640732,1208.0379389952154
1114,2011,TX,1983.3781869387758,8271.159884003973,1285.221605514545
1115,2011,UT,1823.2687087912086,15550.652738095236,1548.2181766917292
1116,2011,VA,1714.0971230769233,2879.0508800000002,554.0791999999999
1117,2011,VT,0.0,0.0,0.0
1118,2011,WA,701.8509784075574,2950.1772909699,685.8059455128207
1119,2011,WI,795.1227073552426,7003.022078416445,666.2675504004419
1120,2011,WV,969.7310370370369,6352.355324074074,915.0103467297084
1121,2011,WY,906.6578260869567,5756.851739130435,844.0143115942028
1122,2012,AK,224.4625,444.24666666666667,203.10333333333335
1123,2012,AL,1429.4038805970147,3356.3125896831634,1043.7072610631058
1124,2012,AR,441.02266666666674,1387.352533333333,334.94759999999985
1125,2012,AZ,1268.8346666666669,3463.6402424242433,1101.3789523809523
1126,2012,CA,870.8619298245615,3385.7748365231255,728.946294736842
1127,2012,CO,941.1363361581921,4431.5616666666665,740.8869285714286
1128,2012,CT,0.0,0.0,0.0
1129,2012,DC,585.99,1059.35,39.68
1130,2012,DE,0.0,0.0,0.0
1131,2012,FL,1681.3746268656719,4360.992262126865,1298.846490205224
1132,2012,GA,1761.5173530759298,3687.7276361447107,1141.225315637684
1133,2012,HI,249.44400000000002,327.4066666666667,195.744
1134,2012,IA,469.10624999999993,4516.60221153846,420.7094300314466
1135,2012,ID,377.7119047619047,2078.5397560975607,328.80878048780494
1136,2012,IL,842.9005169340467,6945.9603118137875,619.1479590017825
1137,2012,IN,1080.7553260869563,6334.139259259259,986.0895840042941
1138,2012,KS,433.4665000000002,4190.86696969697,341.2029292929292
1139,2012,KY,1712.6478154761908,8517.832612612612,1549.2657376126126
1140,2012,LA,1916.8522580645165,3672.115322580644,1378.1696774193554
1141,2012,MA,545.5285164835166,2483.264642857143,336.80595238095236
1142,2012,MD,1000.3441666666668,2802.6725378787883,565.9264855072463
1143,2012,ME,464.475,2872.3857142857146,426.8682692307693
1144,2012,MI,879.021568804577,6973.14952932099,726.6403527336863
1145,2012,MN,503.6422919914953,3754.317458333334,361.1852788461539
1146,2012,MO,1239.2235810276677,10552.644960244648,1072.744114539894
1147,2012,MS,2139.6881481481473,3806.3068276972617,1755.7243048845949
1148,2012,MT,341.618775510204,3372.1728571428575,256.4451020408164
1149,2012,NC,868.27867979798,3081.7870883838377,570.542582972583
1150,2012,ND,674.8314411764707,3114.5955576923075,455.68809999999996
1151,2012,NE,616.2038578088576,2894.4151193967323,463.26245771958537
1152,2012,NH,553.457,2464.1053333333334,512.6923333333333
1153,2012,NJ,707.4671428571428,3063.81619047619,335.38238095238097
1154,2012,NM,1613.2477419354839,6892.222903225806,1508.1729032258065
1155,2012,NV,1303.1852941176471,5071.54339869281,1229.4923949579834
1156,2012,NY,658.2587931034483,3782.7389172413787,443.6040053050398
1157,2012,OH,818.6022013742071,5330.311898850574,677.2136445192039
1158,2012,OK,1555.8566233766237,7040.3190129870145,1323.9142685255915
1159,2012,OR,826.8263529411763,3740.9896190476184,791.4435566502464
1160,2012,PA,934.3818385345996,6227.797041467304,716.9971067821069
1161,2012,RI,290.90500000000003,1641.4625,209.68
1162,2012,SC,1150.5969565217392,2283.592826086956,639.0016630434782
1163,2012,SD,982.5333127669674,3635.033730158731,768.2563565891473
1164,2012,TN,1426.8455789473687,4415.883351639969,1245.3649730722152
1165,2012,TX,1948.3347461224494,7612.426310056554,1303.0349773855496
1166,2012,UT,1923.1976373626367,15590.016607142856,1671.3709126984127
1167,2012,VA,1726.6130707692305,2988.3192000000013,580.3602400000003
1168,2012,VT,0.0,0.0,0.0
1169,2012,WA,734.3324291497976,2679.8026923076923,734.9212580128205
1170,2012,WI,800.6086678403758,6792.775169842584,674.9326103286387
1171,2012,WV,1042.731666666667,5946.1258132045095,985.8761030595814
1172,2012,WY,917.6360869565219,3879.507478260869,829.8442663043477
1173,2013,AK,232.03333333333333,459.0174999999999,212.59333333333336
1174,2013,AL,1420.691791044776,3302.271982942431,1041.905092956271
1175,2013,AR,465.8034666666664,1423.4891999999998,361.70879999999994
1176,2013,AZ,1316.7486666666666,3580.2271666666675,1156.671380952381
1177,2013,CA,907.122105263158,3471.281801169591,764.6503744939271
1178,2013,CO,926.8197309658327,4293.694403036578,732.9598832866479
1179,2013,CT,0.0,0.0,0.0
1180,2013,DC,477.75,1031.09,27.89
1181,2013,DE,0.0,0.0,0.0
1182,2013,FL,1669.5370149253736,4263.881417910447,1263.463238353686
1183,2013,GA,1840.5848281894291,3758.358794701987,1212.1444900662252
1184,2013,HI,201.17199999999997,248.96333333333334,159.246
1185,2013,IA,474.2120930959076,3726.081288659794,417.13250368188517
1186,2013,ID,373.9859523809525,2994.806904761905,321.43666666666667
1187,2013,IL,841.6104010695186,6195.954335353537,617.8560516934047
1188,2013,IN,1120.4461956521739,6214.3491553813255,1036.5066718426501
1189,2013,KS,437.0011881188122,3491.970891089108,338.70148514851485
1190,2013,KY,1671.1104642857144,8132.025141274864,1499.3714736164732
1191,2013,LA,1918.065,3423.480967741937,1074.8988709677417
1192,2013,MA,513.3085714285713,2204.5102380952385,327.7969047619048
1193,2013,MD,1003.7333333333333,2829.162862318841,564.37875
1194,2013,ME,492.01,2877.518541666667,448.3075
1195,2013,MI,893.7412947907259,6938.059241622575,744.7221851851853
1196,2013,MN,512.3876853625172,3928.1939536541895,368.02427450980394
1197,2013,MO,1277.6329209486164,10286.725070707069,1103.2240181818179
1198,2013,MS,2207.3326663655516,3842.529023238925,1999.436924803591
1199,2013,MT,724.008775510204,5375.215416666667,535.5273469387755
1200,2013,NC,886.3396363636363,3021.778953823954,585.6770202020201
1201,2013,ND,645.6603851351352,2755.6507692307687,408.83000000000004
1202,2013,NE,622.4914339981008,2685.2271943972837,475.224829059829
1203,2013,NH,563.217,2729.2250000000004,526.5695555555554
1204,2013,NJ,701.6585714285713,2914.40619047619,341.2995238095238
1205,2013,NM,1569.122258064516,6088.2116129032265,1377.08
1206,2013,NV,1511.18,4543.336791443851,1273.595756302521
1207,2013,NY,675.1606896551724,3817.0174201787995,463.08218693284937
1208,2013,OH,858.2014931289643,5113.084827586206,711.0215276663992
1209,2013,OK,1626.5458441558442,6793.188123600537,1378.629258976318
1210,2013,OR,853.6422857142857,4016.0485892857146,865.7414065934065
1211,2013,PA,956.5772682044324,6222.269587680079,729.1552320075758
1212,2013,RI,291.34499999999997,1611.7475,204.8025
1213,2013,SC,1145.6597826086959,2137.3265111346764,616.4453260869566
1214,2013,SD,972.6209481216458,3217.214706959707,773.232400332226
1215,2013,TN,1466.1082105263163,4377.859472158657,1279.2701758373205
1216,2013,TX,2027.9149182860392,7105.707682066566,1404.9525416093902
1217,2013,UT,1997.8922527472528,14608.027341269843,1643.9314682539684
1218,2013,VA,1761.536436923077,5301.690539354838,1158.0339353846157
1219,2013,VT,0.0,0.0,0.0
1220,2013,WA,760.4869230769231,2933.0961904761907,756.9959999999999
1221,2013,WI,823.7346791862285,6555.211615497075,672.299480994152
1222,2013,WV,1029.7642592592595,5843.115413105414,907.883745275888
1223,2013,WY,948.4728853754941,4323.227130434782,871.475565217391
1224,2014,AK,234.1391666666667,551.8266666666667,219.45000000000002
1225,2014,AL,1380.736417910448,3117.366708276799,1026.3829477611941
1226,2014,AR,456.6453333333333,1429.7386666666666,368.2932
1227,2014,AZ,1358.3086666666666,3337.4266666666663,1259.3053333333335
1228,2014,CA,912.4854385964911,3265.9730877192983,777.570067476383
1229,2014,CO,962.7694068504596,4213.199841269841,735.8145310245309
1230,2014,CT,0.0,0.0,0.0
1231,2014,DC,475.46,938.24,31.57
1232,2014,DE,0.0,0.0,0.0
1233,2014,FL,1670.450447761194,4229.326686567163,1321.1160390355913
1234,2014,GA,1829.6508371860557,3781.1091750993382,1272.5649550798294
1235,2014,HI,231.72799999999998,298.995,185.368
1236,2014,IA,494.5279787566386,3464.985207658321,431.2084621993127
1237,2014,ID,377.4078571428571,2186.3790476190475,333.8164285714286
1238,2014,IL,837.8727926322042,5938.082560386473,627.9337106357696
1239,2014,IN,1136.4192391304348,6061.859638909359,1072.0871997929607
1240,2014,KS,441.05534653465344,3386.6078217821796,351.2968316831685
1241,2014,KY,1715.968952380952,8105.770142590617,1575.8872888851795
1242,2014,LA,1997.2827419354824,3502.420483870969,1127.3895161290322
1243,2014,MA,509.19142857142845,2092.260595238095,319.16376623376624
1244,2014,MD,1002.7104166666666,2783.630434782609,573.1104166666667
1245,2014,ME,496.280625,3008.721875,473.32301136363634
1246,2014,MI,898.7936720867208,6656.578164453762,756.2052372685184
1247,2014,MN,541.657271438696,3853.9864901960786,398.18196380090495
1248,2014,MO,1322.1925098814231,9907.352151515155,1165.3819233511588
1249,2014,MS,2043.18837398374,3486.634828317902,1925.2529948227793
1250,2014,MT,729.0500000000001,4511.251836734693,540.5073469387755
1251,2014,NC,894.8407777777776,3000.5357308019957,605.3194098286231
1252,2014,ND,648.923,2789.7967857142858,431.7672065217391
1253,2014,NE,648.7825069508804,2477.6639743589744,507.96545415036945
1254,2014,NH,561.354,2532.868,526.8045555555556
1255,2014,NJ,692.3376190476191,2845.7799999999997,326.61666666666673
1256,2014,NM,1599.9129032258063,6175.3312903225815,1591.902258064516
1257,2014,NV,1593.0758823529413,4482.3575294117645,1158.6226244343893
1258,2014,NY,688.640344827586,3989.3716091954016,468.7718226600985
1259,2014,OH,890.5523440803383,5405.545905928616,748.696211001642
1260,2014,OK,1733.3500000000006,7100.314413179414,1502.5027578304043
1261,2014,OR,862.4868571428569,3733.2071428571426,836.7554285714284
1262,2014,PA,969.5947806422436,6154.986505376343,755.6445959595962
1263,2014,RI,294.23499999999996,1514.0300000000002,210.13500000000002
1264,2014,SC,1107.915652173913,2095.487269969666,621.154251769464
1265,2014,SD,936.0357632135307,3815.98615503876,726.7480647840532
1266,2014,TN,1478.8073684210526,4174.915747076023,1311.4416198830406
1267,2014,TX,2033.3777199546475,6810.172359056378,1463.2665408163261
1268,2014,UT,2028.5189417989418,12756.044206349208,1733.2287337662337
1269,2014,VA,897.9181600000003,2848.039839999999,672.3144800000001
1270,2014,VT,0.0,0.0,0.0
1271,2014,WA,780.1764102564102,3014.8889743589743,767.549393939394
1272,2014,WI,825.117777777778,6799.974226190476,692.6307371794871
1273,2014,WV,920.9773400673402,4475.148425925927,790.1950774410773
1274,2014,WY,959.6926086956521,5468.508322981366,874.4933695652173
1275,2015,AK,242.9091666666666,523.59,224.1408333333333
1276,2015,AL,1352.9302985074628,2968.519122807018,989.6589963973238
1277,2015,AR,443.4793333333333,1397.2314666666666,372.6941333333334
1278,2015,AZ,1379.4880000000003,3563.474333333333,1249.5473333333334
1279,2015,CA,865.562456140351,2991.8122681704253,723.4138059434301
1280,2015,CO,945.1977694235587,4137.0902182539685,708.4425274725276
1281,2015,CT,0.0,0.0,0.0
1282,2015,DC,368.77,757.16,24.88
1283,2015,DE,0.0,0.0,0.0
1284,2015,FL,1635.0628358208955,4082.14807347876,1279.5476854190583
1285,2015,GA,1819.4710142030071,3651.122600993378,1272.278537218543
1286,2015,HI,629.4,895.3149999999999,517.9
1287,2015,IA,509.1379860460272,3388.154361137145,463.1129163362409
1288,2015,ID,378.99595238095236,1772.2923809523813,330.8178571428571
1289,2015,IL,275.5521212121212,2560.4118181818185,168.27151515151513
1290,2015,IN,1106.9854347826085,5706.786892803599,1057.041847826087
1291,2015,KS,441.66643564356434,2997.1734653465346,354.74257425742576
1292,2015,KY,1764.954327380952,7657.805137884265,1619.7375649350645
1293,2015,LA,2052.465161290323,2802.691612903226,1798.8790322580653
1294,2015,MA,483.34285714285716,1839.9337912087913,308.60851648351655
1295,2015,MD,982.9466666666665,2695.646648550725,565.6866666666667
1296,2015,ME,488.94937500000003,3685.8819999999996,442.49
1297,2015,MI,896.1144429388738,6368.582270093223,748.5078879392215
1298,2015,MN,544.3664705882352,3660.5838627450976,384.338757918552
1299,2015,MO,1355.0511897233205,10671.610709090912,1201.7996470588234
1300,2015,MS,1997.6661909063537,3307.655521885523,1964.2574421296297
1301,2015,MT,735.5063265306123,3126.675625,554.9516326530612
1302,2015,NC,896.0015525252522,2992.378789141415,636.3614260249556
1303,2015,ND,669.85625,3427.9151071428573,451.8524239130436
1304,2015,NE,652.0682967032966,2443.922133699634,512.0092307692307
1305,2015,NH,542.624,2438.582,508.99522222222225
1306,2015,NJ,678.7909523809524,2790.6499999999996,330.96095238095245
1307,2015,NM,1502.6851612903217,5936.05129032258,1643.196774193549
1308,2015,NV,1668.5588235294117,5650.545073529412,1319.7346568627452
1309,2015,NY,693.7884482758624,3975.5581262199084,475.1893103448276
1310,2015,OH,921.777536997886,5417.898305717273,773.2174712643678
1311,2015,OK,1789.9984415584413,7184.526087662338,1589.305412528648
1312,2015,OR,298.3017142857143,1686.3534285714286,283.52828571428563
1313,2015,PA,977.0214970601539,6073.645873015874,769.725881118881
1314,2015,RI,280.2675,1517.2050000000002,191.61499999999998
1315,2015,SC,1084.723043478261,2075.454826086956,623.4643369565217
1316,2015,SD,994.9406155950753,4127.787069597069,778.014334883721
1317,2015,TN,1470.4174736842097,4284.624893141945,1308.4721222020576
1318,2015,TX,2030.0190659403202,6700.592459016391,1465.925117479116
1319,2015,UT,1958.1289285714286,11913.116642857143,1613.791503759399
1320,2015,VA,902.7828000000001,2658.1273600000004,633.3454399999999
1321,2015,VT,0.0,0.0,0.0
1322,2015,WA,789.2338461538461,2738.0259557109557,773.8804880066173
1323,2015,WI,831.0069444444446,7092.381742063492,688.9658226495726
1324,2015,WV,423.56555555555565,4068.3855555555556,370.8548148148148
1325,2015,WY,1005.2814822134387,4841.617018633539,878.0315217391304
1326,2016,AK,243.36666666666665,419.5716666666667,233.58333333333334
1327,2016,AL,1306.036567164179,2819.4150798638384,983.8412153518125
1328,2016,AR,448.77359999999993,1378.0551999999996,375.7527999999999
1329,2016,AZ,1371.91,3277.803282051282,1247.1533333333332
1330,2016,CA,868.9189473684212,2985.9125000000004,737.2558037952023
1331,2016,CO,941.6168691844555,4019.531924603175,717.5332600732602
1332,2016,CT,0.0,0.0,0.0
1333,2016,DC,372.54,766.28,29.32
1334,2016,DE,0.0,0.0,0.0
1335,2016,FL,1592.1946268656716,3966.9088083774677,1254.9478165623495
1336,2016,GA,1854.3999012870177,3803.137461192053,1291.0518762058718
1337,2016,HI,0.0,0.0,0.0
1338,2016,IA,525.0195730500884,3642.2502655420185,474.0507478912839
1339,2016,ID,380.887619047619,1932.4802380952383,349.2847619047619
1340,2016,IL,278.71707070707066,2547.1902020202015,171.3605050505051
1341,2016,IN,1081.9258695652172,5544.500779327316,1035.1407934782603
1342,2016,KS,448.1217821782177,2794.54405940594,361.3184158415841
1343,2016,KY,1881.9639047619048,7751.504633458649,1739.7234853896102
1344,2016,LA,1981.7266129032257,3009.299838709677,1968.9767741935477
1345,2016,MA,475.74285714285713,1749.937727272727,306.75130952380954
1346,2016,MD,370.0054166666667,798.6729166666668,224.66166666666663
1347,2016,ME,496.281875,3854.700208333333,456.794
1348,2016,MI,885.450180436847,5924.325092592593,733.2881057098766
1349,2016,MN,553.3305669737776,3266.2076666666662,400.51997167755985
1350,2016,MO,1392.4948853754943,10423.33652121212,1245.8003679653682
1351,2016,MS,1961.0403477868113,3243.8634662868,1843.130335097002
1352,2016,MT,746.5065306122449,2685.855,585.9981632653061
1353,2016,NC,892.6927070707065,3073.0631186868686,635.577901104064
1354,2016,ND,665.5625,4560.052673992674,441.17904347826084
1355,2016,NE,657.2406538461538,2334.3978883861237,510.2902991452992
1356,2016,NH,569.6098888888889,2621.697,536.72125
1357,2016,NJ,661.0242857142856,2663.0823809523813,306.54857142857145
1358,2016,NM,1538.8738709677418,5695.712258064516,1702.7519354838712
1359,2016,NV,1682.1029411764707,5476.506470588236,1310.9498739495798
1360,2016,NY,700.5327586206897,3884.875,477.5705172413793
1361,2016,OH,907.150776955603,4610.1752545156005,765.4648668018932
1362,2016,OK,1731.486753246753,6241.4829802955655,1508.0566508139746
1363,2016,OR,296.7357142857143,1722.5208571428573,294.58857142857147
1364,2016,PA,986.1980099502484,5951.611793743891,770.8948816287877
1365,2016,RI,266.9575,1351.4,186.60000000000002
1366,2016,SC,1074.078043478261,1959.7642857142855,646.3453658536586
1367,2016,SD,998.2516805616499,4320.088746770026,820.8715282392026
1368,2016,TN,1485.3997894736845,4254.072377708979,1310.629156737999
1369,2016,TX,2020.851645347903,6648.095926438369,1517.3257664399098
1370,2016,UT,1969.7811813186813,12818.419166666668,1619.2859047619054
1371,2016,VA,898.4630399999998,2364.042,683.4472000000002
1372,2016,VT,0.0,0.0,0.0
1373,2016,WA,776.2817948717948,2789.779152731326,802.8797849462364
1374,2016,WI,851.1793055555553,6537.560716374268,706.5743269230768
1375,2016,WV,444.33092592592584,2968.0179629629642,384.0018518518519
1376,2016,WY,990.8269565217391,4828.094347826088,907.6663526570048
